Term / kata,business,entertainment,politics
said,151,257,100
us,96,8,37
bn,93,12,2
year,89,46,73
market,59,13,2
firm,58,6,1
mr,57,196,20
compani,55,8,11
share,45,1,6
rise,45,1,2
govern,44,60,26
last,43,21,34
rate,42,5,8
economi,42,3,0
would,41,99,35
growth,41,1,1
price,41,0,0
bank,40,3,1
sale,39,1,15
also,38,54,50
new,38,45,54
month,36,12,6
econom,36,5,0
could,34,45,13
product,33,2,11
busi,32,17,2
may,31,24,10
cut,31,13,3
oil,29,0,1
group,28,21,13
analyst,27,1,1
report,26,34,9
countri,26,32,9
trade,26,12,2
howev,26,8,7
offer,26,7,4
yuko,26,0,0
need,25,24,8
increas,25,7,0
dollar,25,0,2
fall,24,2,5
stock,24,2,0
demand,24,1,2
one,23,31,55
time,23,31,21
news,23,25,4
interest,23,6,2
court,23,6,1
back,22,26,11
continu,22,11,8
sinc,22,10,10
state,22,9,11
tax,22,9,7
quarter,22,3,2
insur,22,0,0
gm,22,0,0
say,21,89,11
expect,21,15,12
three,21,6,20
two,20,20,26
world,20,9,5
china,20,9,0
debt,20,7,0
europ,20,4,3
export,20,3,1
make,19,36,23
claim,19,26,0
mani,19,16,16
face,19,15,4
put,19,14,11
level,19,8,2
figur,19,4,4
financi,19,3,3
lse,19,0,0
case,18,22,3
come,18,16,11
move,18,11,22
european,18,7,6
target,18,4,1
declin,18,1,3
profit,18,1,1
euro,18,0,0
gener,17,28,6
recent,17,15,8
much,17,13,10
million,17,12,15
unit,17,3,3
budget,17,2,3
german,17,1,3
fell,17,0,4
japan,17,0,2
lisbon,17,0,0
told,16,46,13
part,16,15,11
hous,16,14,11
meet,16,13,3
club,16,8,2
spend,16,5,9
competit,16,0,5
sharehold,16,0,0
servic,15,21,4
first,15,20,32
polici,15,16,0
includ,15,15,48
london,15,9,19
job,15,7,6
accord,15,6,7
high,15,6,1
invest,15,3,4
decemb,15,3,2
biggest,15,1,7
less,15,1,4
exchang,15,1,1
go,14,38,25
call,14,33,15
nation,14,26,9
like,14,19,21
remain,14,12,13
forc,14,10,1
hold,14,10,1
hit,14,6,27
fund,14,6,19
fear,14,5,1
bid,14,1,1
telecom,14,0,0
peopl,13,80,26
plan,13,34,6
problem,13,26,9
tri,13,11,7
close,13,8,9
secur,13,7,2
deal,13,6,6
record,13,5,29
money,13,5,9
drug,13,5,2
presid,13,3,5
strong,13,3,3
higher,13,1,0
orang,13,0,4
low,13,0,1
economist,13,0,0
crude,13,0,0
tobacco,13,0,0
deficit,13,0,0
deutsch,13,0,0
boers,13,0,0
minist,12,64,0
public,12,41,11
take,12,22,21
ad,12,20,15
look,12,14,7
still,12,13,8
talk,12,13,3
union,12,13,0
well,12,9,18
eu,12,8,0
agre,12,7,5
import,12,6,10
grow,12,5,1
india,12,4,7
industri,12,3,13
januari,12,1,10
februari,12,1,8
administr,12,1,1
manufactur,12,0,0
ukrain,12,0,0
corp,12,0,0
euronext,12,0,0
use,11,38,8
decis,11,19,2
week,11,18,16
even,11,17,8
list,11,13,4
foreign,11,13,1
show,11,12,47
fox,11,12,7
set,11,11,10
action,11,11,4
seen,11,10,8
warn,11,10,2
control,11,10,2
offici,11,10,1
announc,11,9,6
due,11,8,8
global,11,6,0
valu,11,5,3
past,11,5,2
rais,11,4,3
approv,11,4,0
half,11,3,4
cost,11,3,2
franc,11,3,2
largest,11,3,0
annual,11,3,0
rose,11,1,6
sell,11,1,3
consum,11,1,0
car,11,0,5
project,11,0,4
domest,11,0,0
revenu,11,0,0
russian,11,0,0
polit,10,35,1
law,10,30,6
made,10,19,14
becom,10,15,21
current,10,15,4
concern,10,14,1
four,10,10,7
research,10,9,1
chief,10,7,4
despit,10,5,2
earlier,10,4,2
sector,10,4,2
pay,10,3,7
oper,10,3,1
damag,10,3,0
octob,10,1,2
loss,10,1,1
investor,10,0,2
output,10,0,2
pari,10,0,1
trillion,10,0,0
ufj,10,0,0
feder,10,0,0
fiat,10,0,0
indonesia,10,0,0
khodorkovski,10,0,0
kok,10,0,0
right,9,48,14
uk,9,38,31
want,9,31,13
rule,9,26,3
former,9,22,6
help,9,18,14
hope,9,16,13
newspap,9,12,0
end,9,11,9
see,9,11,8
execut,9,11,5
england,9,11,4
follow,9,9,17
life,9,7,20
run,9,7,10
futur,9,7,4
order,9,7,0
effect,9,7,0
reach,9,6,3
telegraph,9,6,0
good,9,4,11
anoth,9,4,5
head,9,4,3
main,9,4,3
benefit,9,4,2
risk,9,4,1
york,9,3,13
tuesday,9,3,2
buy,9,2,5
giant,9,2,3
gain,9,2,3
card,9,2,0
index,9,1,0
drop,9,0,8
blue,9,0,3
japanes,9,0,3
takeov,9,0,2
recal,9,0,1
virgin,9,0,0
file,9,0,0
recoveri,9,0,0
pernod,9,0,0
vioxx,9,0,0
vehicl,9,0,0
work,8,28,32
power,8,20,4
think,8,19,13
believ,8,18,4
alreadi,8,11,8
associ,8,10,3
clear,8,10,0
fight,8,9,3
found,8,8,10
key,8,7,6
charg,8,7,2
accus,8,6,1
deni,8,6,1
second,8,5,8
manag,8,5,5
lead,8,5,5
full,8,5,2
meanwhil,8,5,1
reduc,8,5,1
friday,8,4,6
account,8,4,3
affect,8,4,1
perform,8,3,25
creat,8,3,7
sign,8,3,5
confid,8,3,0
aid,8,2,4
poor,8,1,3
bush,8,1,1
colour,8,1,0
boss,8,0,1
fraud,8,0,1
exposur,8,0,1
worldcom,8,0,0
barrel,8,0,0
bankruptci,8,0,0
weak,8,0,0
russia,8,0,0
smoke,8,0,0
menatep,8,0,0
get,7,39,16
leader,7,34,1
chang,7,28,4
offic,7,23,13
next,7,23,13
whether,7,21,3
way,7,17,9
number,7,16,28
ask,7,16,6
day,7,15,20
thing,7,13,6
dr,7,13,0
major,7,9,2
improv,7,9,0
develop,7,8,3
far,7,8,3
comment,7,8,0
third,7,7,9
lost,7,7,5
cover,7,7,2
septemb,7,6,4
critic,7,5,16
total,7,5,5
alli,7,5,1
boost,7,5,0
around,7,4,8
point,7,4,5
latest,7,4,3
caus,7,3,3
requir,7,3,2
seek,7,3,1
lawyer,7,3,0
among,7,2,5
admit,7,2,3
cash,7,2,3
financ,7,2,2
met,7,2,1
germani,7,2,1
guilti,7,2,0
pressur,7,2,0
fuel,7,2,0
journalist,7,2,0
environment,7,2,0
success,7,1,13
previous,7,1,4
defenc,7,1,0
press,7,1,0
custom,7,1,0
data,7,1,0
season,7,0,4
strength,7,0,2
lower,7,0,1
rival,7,0,1
ebber,7,0,0
asia,7,0,0
sumitomo,7,0,0
slowdown,7,0,0
withprofit,7,0,0
yushchenko,7,0,0
merck,7,0,0
dam,7,0,0
gorg,7,0,0
upward,7,0,0
issu,6,35,8
member,6,22,5
health,6,21,3
suggest,6,15,3
argu,6,12,0
reform,6,12,0
mean,6,11,3
top,6,9,23
yet,6,9,6
start,6,8,9
agenc,6,8,2
came,6,7,4
previou,6,7,3
commiss,6,7,2
monday,6,7,1
statement,6,7,0
ago,6,6,6
result,6,6,2
novemb,6,6,0
find,6,5,11
ahead,6,5,2
ensur,6,5,1
north,6,5,0
standard,6,5,0
turn,6,4,14
launch,6,4,5
link,6,4,4
thursday,6,4,4
small,6,4,2
organis,6,4,1
regul,6,4,0
disast,6,4,0
big,6,3,10
march,6,3,4
heart,6,3,4
central,6,3,1
asset,6,3,0
unemploy,6,3,0
energi,6,3,0
produc,6,2,25
fourth,6,2,4
care,6,2,3
appeal,6,2,3
corpor,6,2,2
unlik,6,2,2
australia,6,2,1
american,6,1,6
estim,6,1,3
overal,6,1,2
drive,6,1,2
settl,6,1,1
founder,6,1,1
inflat,6,1,0
equiti,6,1,0
nationwid,6,1,0
construct,6,1,0
own,6,0,1
heavi,6,0,1
america,6,0,1
slow,6,0,1
prosecutor,6,0,0
forecast,6,0,0
lg,6,0,0
creditor,6,0,0
safeti,6,0,0
yugansk,6,0,0
rosneft,6,0,0
yuan,6,0,0
reddi,6,0,0
clearstream,6,0,0
elect,5,61,0
pension,5,25,0
support,5,21,14
bill,5,20,3
legal,5,20,1
allow,5,19,2
home,5,17,18
know,5,14,13
place,5,12,13
intern,5,11,5
five,5,10,17
return,5,10,4
long,5,9,8
david,5,9,4
given,5,8,7
peter,5,8,4
senior,5,7,0
poverti,5,7,0
thought,5,6,4
took,5,5,8
societi,5,5,2
illeg,5,5,2
term,5,5,1
specul,5,5,0
name,5,4,25
saw,5,4,7
noth,5,4,4
area,5,4,4
protect,5,4,2
consid,5,4,2
review,5,4,2
addit,5,4,1
threat,5,4,0
option,5,4,0
might,5,4,0
director,5,3,22
provid,5,3,3
possibl,5,3,2
least,5,3,1
practic,5,3,1
battl,5,2,6
credit,5,2,3
capit,5,2,3
print,5,2,2
reject,5,2,1
holiday,5,2,1
assess,5,2,0
indic,5,2,0
rel,5,1,7
plead,5,1,1
brand,5,1,1
titan,5,1,1
model,5,1,1
weather,5,1,0
temperatur,5,1,0
suppli,5,1,0
korea,5,1,0
recess,5,1,0
privatis,5,1,0
recommend,5,1,0
amid,5,1,0
ignor,5,1,0
stake,5,1,0
borrow,5,1,0
impact,5,1,0
televis,5,0,10
sold,5,0,4
combin,5,0,4
panel,5,0,3
myer,5,0,1
although,5,0,1
yen,5,0,1
properti,5,0,1
soar,5,0,1
surg,5,0,1
stadium,5,0,1
collaps,5,0,0
recov,5,0,0
opec,5,0,0
weaken,5,0,0
merger,5,0,0
risen,5,0,0
bonu,5,0,0
domecq,5,0,0
corrupt,5,0,0
fda,5,0,0
ntpc,5,0,0
sri,5,0,0
lanka,5,0,0
thailand,5,0,0
singapor,5,0,0
gdp,5,0,0
benin,5,0,0
rupe,5,0,0
refineri,5,0,0
mobil,5,0,0
reinsur,5,0,0
ifo,5,0,0
ford,5,0,0
easymobil,5,0,0
bdo,5,0,0
prime,4,22,0
give,4,17,8
happen,4,16,2
houston,4,16,0
act,4,15,9
attack,4,14,2
propos,4,12,2
accept,4,11,2
must,4,10,5
promis,4,9,4
present,4,8,8
earn,4,8,7
longer,4,7,3
commit,4,7,0
behind,4,6,5
avoid,4,6,2
stem,4,6,0
open,4,5,15
across,4,5,4
larg,4,5,3
save,4,5,1
effort,4,5,0
capac,4,5,0
littl,4,4,4
predict,4,4,3
period,4,4,3
fresh,4,4,2
contract,4,4,2
prefer,4,4,1
depart,4,4,1
situat,4,4,1
agreement,4,4,0
investig,4,4,0
food,4,4,0
patient,4,4,0
tsunami,4,4,0
known,4,3,6
base,4,3,6
rather,4,3,2
short,4,3,2
suffer,4,3,1
monthli,4,3,1
maintain,4,3,0
motor,4,3,0
advanc,4,3,0
minor,4,3,0
design,4,2,7
indian,4,2,6
paul,4,2,5
australian,4,2,4
built,4,2,3
threaten,4,2,2
highest,4,2,2
near,4,2,2
keep,4,2,2
blame,4,2,1
activ,4,2,1
phone,4,2,0
juli,4,1,4
auction,4,1,4
toward,4,1,3
late,4,1,2
social,4,1,2
express,4,1,2
light,4,1,1
travel,4,1,1
trigger,4,1,0
tabl,4,1,0
chain,4,1,0
ministri,4,1,0
chines,4,1,0
balanc,4,1,0
similar,4,0,4
hear,4,0,3
owner,4,0,3
bought,4,0,2
trend,4,0,2
reuter,4,0,1
note,4,0,1
page,4,0,1
jump,4,0,1
freez,4,0,0
sharpli,4,0,0
mitsubishi,4,0,0
marsh,4,0,0
settlement,4,0,0
daimlerchrysl,4,0,0
oversea,4,0,0
mortgag,4,0,0
optim,4,0,0
slide,4,0,0
anticip,4,0,0
viktor,4,0,0
cox,4,0,0
inhibitor,4,0,0
harm,4,0,0
surpris,4,0,0
observ,4,0,0
advertis,4,0,0
altria,4,0,0
util,4,0,0
normal,4,0,0
su,4,0,0
evas,4,0,0
lebedev,4,0,0
basi,4,0,0
texa,4,0,0
kerek,4,0,0
electr,4,0,0
brake,4,0,0
swiss,4,0,0
hurrican,4,0,0
toyota,4,0,0
dein,4,0,0
furs,4,0,0
transact,4,0,0
campaign,3,27,1
bbc,3,24,30
away,3,17,2
judg,3,16,13
system,3,16,1
evid,3,15,0
question,3,14,3
held,3,13,9
respons,3,12,6
receiv,3,12,5
play,3,11,17
feel,3,11,7
payment,3,11,0
posit,3,10,2
process,3,10,1
trust,3,10,0
tell,3,10,0
john,3,9,6
better,3,9,5
later,3,8,11
step,3,8,3
encourag,3,8,2
ambit,3,8,1
crimin,3,8,1
staff,3,8,0
author,3,7,8
parent,3,7,7
attend,3,7,6
ever,3,7,4
consult,3,7,1
alleg,3,7,0
huge,3,6,7
media,3,6,7
never,3,6,6
almost,3,6,5
begin,3,6,5
refus,3,6,5
six,3,6,4
mark,3,6,3
centr,3,6,2
understand,3,6,2
arm,3,6,2
fail,3,6,2
worri,3,6,1
went,3,5,11
final,3,5,8
shown,3,5,6
daili,3,5,5
hand,3,5,4
difficult,3,5,3
east,3,5,2
sever,3,5,2
kept,3,5,1
shock,3,5,1
northern,3,5,0
prompt,3,5,0
asian,3,5,0
winter,3,5,0
best,3,4,83
build,3,4,4
south,3,4,3
june,3,4,3
stop,3,4,3
trial,3,4,2
cold,3,4,0
focu,3,4,0
meant,3,4,0
fee,3,4,0
agenda,3,4,0
enough,3,3,4
reason,3,3,2
attempt,3,3,2
abil,3,3,1
rang,3,3,1
pass,3,3,1
sent,3,3,0
loan,3,3,0
incom,3,3,0
tv,3,2,24
version,3,2,5
brought,3,2,2
entri,3,2,1
separ,3,2,1
especi,3,2,1
strategi,3,2,1
institut,3,2,1
examin,3,2,0
substanti,3,2,0
sustain,3,2,0
reserv,3,2,0
check,3,2,0
deputi,3,2,0
submiss,3,2,0
object,3,2,0
beij,3,2,0
properli,3,2,0
releas,3,1,19
carri,3,1,12
debut,3,1,10
compar,3,1,4
entertain,3,1,3
electron,3,1,2
bigger,3,1,2
readi,3,1,1
facil,3,1,1
danger,3,1,1
popul,3,1,1
boom,3,1,0
repay,3,1,0
formal,3,1,0
halv,3,1,0
bonus,3,1,0
pain,3,1,0
react,3,1,0
employ,3,1,0
congress,3,1,0
leagu,3,1,0
gap,3,1,0
commerc,3,1,0
acceler,3,1,0
infring,3,1,0
coverag,3,1,0
reynold,3,0,6
alongsid,3,0,6
attract,3,0,4
centuri,3,0,4
distribut,3,0,4
left,3,0,3
western,3,0,3
cool,3,0,3
smaller,3,0,3
partner,3,0,2
reader,3,0,2
format,3,0,2
grew,3,0,2
subsidi,3,0,2
reflect,3,0,2
awar,3,0,1
slightli,3,0,1
peak,3,0,1
ventur,3,0,1
slump,3,0,1
divis,3,0,1
mikhail,3,0,1
technic,3,0,1
expert,3,0,1
airlin,3,0,0
sluggish,3,0,0
stockpil,3,0,0
gasolin,3,0,0
delist,3,0,0
kim,3,0,0
merg,3,0,0
tokyo,3,0,0
tie,3,0,0
spitzer,3,0,0
vice,3,0,0
lawsuit,3,0,0
neither,3,0,0
expans,3,0,0
trim,3,0,0
eurozon,3,0,0
adjust,3,0,0
policyhold,3,0,0
gill,3,0,0
purchas,3,0,0
seagram,3,0,0
whiski,3,0,0
brussel,3,0,0
richest,3,0,0
moscow,3,0,0
painkil,3,0,0
stroke,3,0,0
pfizer,3,0,0
redund,3,0,0
tabloid,3,0,0
retail,3,0,0
plant,3,0,0
nicotin,3,0,0
sue,3,0,0
conspir,3,0,0
staterun,3,0,0
bakri,3,0,0
moratorium,3,0,0
owe,3,0,0
doubledigit,3,0,0
tuc,3,0,0
yuganskneftega,3,0,0
suit,3,0,0
gazprom,3,0,0
baikal,3,0,0
fine,3,0,0
punish,3,0,0
xiluodu,3,0,0
revis,3,0,0
innov,3,0,0
currenc,3,0,0
suv,3,0,0
chevrolet,3,0,0
sedan,3,0,0
maker,3,0,0
petrol,3,0,0
equant,3,0,0
cheaper,3,0,0
negoti,3,0,0
easygroup,3,0,0
charter,3,0,0
gaillard,3,0,0
arsen,3,0,0
labour,2,62,0
brown,2,26,3
secretari,2,26,0
stand,2,22,3
ms,2,19,3
drink,2,19,0
live,2,18,7
book,2,15,12
educ,2,15,8
debat,2,14,1
suspend,2,14,0
programm,2,13,15
involv,2,13,4
appear,2,12,14
sunday,2,11,6
spokesman,2,11,2
poll,2,11,1
terror,2,11,1
discuss,2,10,3
promot,2,9,2
realli,2,8,10
decid,2,8,5
independ,2,8,5
without,2,8,5
inform,2,8,3
measur,2,8,3
council,2,8,3
side,2,8,2
prison,2,8,1
today,2,8,1
limit,2,8,1
controversi,2,7,8
individu,2,7,4
lift,2,7,3
privat,2,7,3
exampl,2,7,3
taken,2,7,3
line,2,7,3
differ,2,7,2
iraq,2,7,2
lie,2,7,1
seriou,2,7,1
allianc,2,7,0
attorney,2,7,0
legisl,2,7,0
crime,2,6,4
repres,2,6,4
forward,2,6,3
politician,2,6,2
unless,2,6,1
mutual,2,6,1
prepar,2,6,1
strike,2,6,1
signific,2,6,1
citizen,2,6,0
stage,2,5,3
bring,2,5,3
adopt,2,5,2
amount,2,5,2
dismiss,2,5,1
sens,2,5,1
simpli,2,5,1
acknowledg,2,5,0
prosecut,2,5,0
citi,2,4,4
wednesday,2,4,3
train,2,4,3
approach,2,4,3
spokeswoman,2,4,2
within,2,4,2
extrem,2,4,2
kill,2,4,2
game,2,4,2
spring,2,4,1
factor,2,4,1
criticis,2,4,1
defeat,2,4,0
welfar,2,4,0
avail,2,4,0
titl,2,3,11
opportun,2,3,4
row,2,3,4
whose,2,3,2
internet,2,3,2
sourc,2,3,2
either,2,3,2
push,2,3,1
averag,2,3,1
relat,2,3,1
potenti,2,3,1
subject,2,3,1
clash,2,3,1
stay,2,3,1
sentenc,2,3,0
appar,2,3,0
narrow,2,3,0
fact,2,3,0
broadband,2,3,0
origin,2,2,9
miss,2,2,7
leav,2,2,6
track,2,2,5
georg,2,2,5
lot,2,2,5
famou,2,2,4
domin,2,2,4
thousand,2,2,3
longterm,2,2,2
network,2,2,2
definit,2,2,2
gone,2,2,2
jail,2,2,1
spent,2,2,1
sixth,2,2,1
reportedli,2,2,1
resourc,2,2,1
deliv,2,2,1
choos,2,2,1
draw,2,2,1
studi,2,2,1
worst,2,2,1
resort,2,2,1
overse,2,2,0
repli,2,2,0
counterpart,2,2,0
ongo,2,2,0
morgan,2,2,0
french,2,2,0
consolid,2,2,0
doubl,2,2,0
advisori,2,2,0
diseas,2,2,0
guardian,2,2,0
expens,2,2,0
decent,2,2,0
proper,2,2,0
ralli,2,2,0
stress,2,2,0
easi,2,2,0
destruct,2,2,0
man,2,1,17
though,2,1,8
began,2,1,7
sister,2,1,6
richard,2,1,5
realiti,2,1,5
whole,2,1,3
badli,2,1,2
togeth,2,1,2
compet,2,1,2
women,2,1,2
influenc,2,1,2
massiv,2,1,1
thrown,2,1,1
persist,2,1,1
rank,2,1,1
slip,2,1,1
explain,2,1,1
onlin,2,1,1
add,2,1,1
vital,2,1,1
led,2,1,1
condit,2,1,1
proport,2,1,1
sensit,2,1,1
fals,2,1,0
mount,2,1,0
tough,2,1,0
brent,2,1,0
strategist,2,1,0
rescu,2,1,0
withdrawn,2,1,0
statist,2,1,0
lowest,2,1,0
stronger,2,1,0
structur,2,1,0
rum,2,1,0
summit,2,1,0
caught,2,1,0
procedur,2,1,0
qualiti,2,1,0
disagr,2,1,0
wage,2,1,0
governor,2,1,0
climb,2,1,0
sport,2,1,0
decad,2,1,0
worsen,2,1,0
probabl,2,1,0
post,2,1,0
assault,2,1,0
seiz,2,1,0
angri,2,1,0
film,2,0,143
popular,2,0,8
paint,2,0,7
summer,2,0,7
eye,2,0,7
earli,2,0,7
disappear,2,0,6
cast,2,0,5
brother,2,0,5
th,2,0,5
closer,2,0,4
bet,2,0,4
chicago,2,0,4
histor,2,0,3
hundr,2,0,3
clinton,2,0,3
knock,2,0,3
attent,2,0,2
enabl,2,0,2
graham,2,0,2
water,2,0,2
crash,2,0,2
roughli,2,0,1
fierc,2,0,1
fewer,2,0,1
premier,2,0,1
wine,2,0,1
dozen,2,0,1
injur,2,0,1
circul,2,0,1
size,2,0,1
district,2,0,1
columbia,2,0,1
deadlin,2,0,1
rebuild,2,0,1
submit,2,0,1
socal,2,0,1
temporari,2,0,1
milder,2,0,1
advantag,2,0,1
focus,2,0,1
buyer,2,0,1
munich,2,0,1
usual,2,0,1
edg,2,0,1
trademark,2,0,1
ownership,2,0,1
equip,2,0,1
wit,2,0,0
weingarten,2,0,0
sullivan,2,0,0
jetstar,2,0,0
august,2,0,0
patrick,2,0,0
cite,2,0,0
bailout,2,0,0
consortium,2,0,0
slowli,2,0,0
bubbl,2,0,0
mtfg,2,0,0
increasingli,2,0,0
bewlay,2,0,0
defraud,2,0,0
onward,2,0,0
volkswagen,2,0,0
siemen,2,0,0
rateset,2,0,0
bannist,2,0,0
barclay,2,0,0
pace,2,0,0
lend,2,0,0
nikkei,2,0,0
slower,2,0,0
weaker,2,0,0
volatil,2,0,0
sun,2,0,0
acquisit,2,0,0
propel,2,0,0
luxuri,2,0,0
kuchma,2,0,0
w,2,0,0
treati,2,0,0
transpar,2,0,0
rybachuk,2,0,0
wto,2,0,0
strateg,2,0,0
celebrex,2,0,0
easier,2,0,0
tumbl,2,0,0
asid,2,0,0
litig,2,0,0
withdrew,2,0,0
therapi,2,0,0
axe,2,0,0
afternoon,2,0,0
strongli,2,0,0
nuj,2,0,0
fitzpatrick,2,0,0
shrink,2,0,0
murdoch,2,0,0
washington,2,0,0
antiracket,2,0,0
rj,2,0,0
lorillard,2,0,0
liggett,2,0,0
williamson,2,0,0
manipul,2,0,0
addict,2,0,0
contrari,2,0,0
accumul,2,0,0
landmark,2,0,0
selloff,2,0,0
flotat,2,0,0
feed,2,0,0
opel,2,0,0
packag,2,0,0
indonesian,2,0,0
siregar,2,0,0
rich,2,0,0
modest,2,0,0
consecut,2,0,0
childcar,2,0,0
ga,2,0,0
gazpromneft,2,0,0
arbitr,2,0,0
kremlin,2,0,0
vow,2,0,0
argument,2,0,0
forum,2,0,0
littleknown,2,0,0
rein,2,0,0
briberi,2,0,0
telecommun,2,0,0
violat,2,0,0
sec,2,0,0
shortli,2,0,0
bribe,2,0,0
subsidiari,2,0,0
cent,2,0,0
largescal,2,0,0
sepa,2,0,0
solv,2,0,0
mw,2,0,0
softer,2,0,0
patch,2,0,0
rapid,2,0,0
jeffrey,2,0,0
rebound,2,0,0
deliveri,2,0,0
abn,2,0,0
amro,2,0,0
phase,2,0,0
monitor,2,0,0
wim,2,0,0
conduc,2,0,0
brusselsbas,2,0,0
thu,2,0,0
ambiti,2,0,0
jose,2,0,0
barroso,2,0,0
alltim,2,0,0
imbal,2,0,0
unfair,2,0,0
undervalu,2,0,0
competitor,2,0,0
faster,2,0,0
carmak,2,0,0
nhtsa,2,0,0
fault,2,0,0
gmc,2,0,0
pontiac,2,0,0
calm,2,0,0
hover,2,0,0
schroeder,2,0,0
italian,2,0,0
berlusconi,2,0,0
g,2,0,0
colombia,2,0,0
peso,2,0,0
leibovich,2,0,0
wave,2,0,0
billion,2,0,0
tourist,2,0,0
maldiv,2,0,0
mitch,2,0,0
threejudg,2,0,0
laid,2,0,0
meti,2,0,0
outlook,2,0,0
nissan,2,0,0
truck,2,0,0
easyjet,2,0,0
hajiioann,2,0,0
stoy,2,0,0
hayward,2,0,0
sterl,2,0,0
inflationari,2,0,0
moder,2,0,0
surplu,2,0,0
peg,2,0,0
xie,2,0,0
yuganskneftegaz,2,0,0
ashburton,2,0,0
grove,2,0,0
premiership,2,0,0
satur,2,0,0
turnov,2,0,0
woo,2,0,0
jeanfrancoi,2,0,0
theodor,2,0,0
clara,2,0,0
bidder,2,0,0
suitor,2,0,0
stumbl,2,0,0
block,2,0,0
londonfrankfurt,2,0,0
elderli,2,0,0
sooner,2,0,0
parti,1,95,6
lord,1,55,2
human,1,38,3
conserv,1,36,0
vote,1,31,6
committe,1,28,1
michael,1,23,7
school,1,22,13
chancellor,1,22,0
hagu,1,22,0
donat,1,20,0
local,1,19,2
common,1,19,1
confer,1,19,1
democrat,1,17,0
british,1,16,30
ban,1,16,1
speak,1,16,1
regist,1,14,1
william,1,13,8
scotland,1,13,1
role,1,12,25
famili,1,12,23
person,1,12,6
death,1,12,5
scheme,1,12,4
tackl,1,12,1
candid,1,12,1
view,1,12,1
win,1,11,12
wait,1,11,1
free,1,10,0
telephon,1,10,0
got,1,9,10
young,1,9,9
commun,1,9,4
done,1,9,3
chase,1,9,2
wrong,1,9,1
opposit,1,9,1
abus,1,9,1
fish,1,9,0
pledg,1,9,0
everi,1,8,6
publish,1,8,3
paid,1,8,3
quit,1,8,2
challeng,1,8,2
ill,1,8,1
urg,1,8,0
matter,1,8,0
age,1,7,13
street,1,7,6
radio,1,7,4
nearli,1,7,2
movement,1,7,2
pretti,1,7,1
gave,1,6,9
join,1,6,7
alway,1,6,6
real,1,6,5
other,1,6,4
eight,1,6,3
civil,1,6,3
child,1,6,2
kind,1,6,2
let,1,6,2
worker,1,6,1
declar,1,6,1
interview,1,6,1
clark,1,6,1
relationship,1,6,1
commission,1,6,0
watchdog,1,6,0
highli,1,6,0
constitut,1,6,0
cap,1,6,0
code,1,6,0
seri,1,5,20
particularli,1,5,5
door,1,5,5
someth,1,5,4
complet,1,5,3
pair,1,5,3
seven,1,5,2
wish,1,5,2
disappoint,1,5,2
special,1,5,2
doctor,1,5,1
donor,1,5,1
highlight,1,5,1
prevent,1,5,1
soon,1,5,1
affair,1,5,0
doubt,1,5,0
match,1,5,0
sure,1,5,0
direct,1,4,9
date,1,4,6
choic,1,4,6
achiev,1,4,5
king,1,4,4
access,1,4,3
activist,1,4,3
morn,1,4,3
footbal,1,4,3
serv,1,4,1
emerg,1,4,1
strengthen,1,4,1
fit,1,4,1
genuin,1,4,1
dealt,1,4,0
visa,1,4,0
notic,1,4,0
sack,1,4,0
suspicion,1,4,0
conduct,1,4,0
sort,1,4,0
ed,1,4,0
region,1,4,0
bu,1,4,0
exist,1,4,0
moment,1,4,0
west,1,3,20
pick,1,3,8
watch,1,3,7
histori,1,3,7
race,1,3,5
rest,1,3,5
replac,1,3,5
teenag,1,3,4
grant,1,3,4
word,1,3,4
recognis,1,3,3
retir,1,3,3
everyth,1,3,3
assist,1,3,2
transform,1,3,2
bad,1,3,2
throughout,1,3,2
specif,1,3,2
technolog,1,3,2
actual,1,3,2
ground,1,3,2
absolut,1,3,2
enter,1,3,2
confirm,1,3,2
drawn,1,3,1
relief,1,3,1
lack,1,3,1
voic,1,3,1
articl,1,3,1
coordin,1,3,1
stanc,1,3,1
signal,1,3,1
immedi,1,3,1
crisi,1,3,0
contact,1,3,0
class,1,3,0
calcul,1,3,0
disput,1,3,0
penalti,1,3,0
favour,1,3,0
older,1,3,0
reaction,1,3,0
un,1,3,0
justic,1,3,0
connect,1,3,0
fuell,1,3,0
militari,1,3,0
veteran,1,2,5
knew,1,2,4
natur,1,2,4
treasur,1,2,4
cross,1,2,3
reveal,1,2,3
mix,1,2,3
enjoy,1,2,3
outsid,1,2,3
tim,1,2,3
serious,1,2,2
gather,1,2,2
insid,1,2,2
southern,1,2,2
accid,1,2,2
regard,1,2,2
entir,1,2,2
fair,1,2,2
rumour,1,2,2
integr,1,2,1
count,1,2,1
spirit,1,2,1
along,1,2,1
sea,1,2,1
spark,1,2,1
crack,1,2,1
worth,1,2,1
often,1,2,1
english,1,2,1
round,1,2,1
chosen,1,2,1
inde,1,2,1
struggl,1,2,0
purpos,1,2,0
obtain,1,2,0
goe,1,2,0
mention,1,2,0
defend,1,2,0
fast,1,2,0
uniqu,1,2,0
impos,1,2,0
detail,1,2,0
greater,1,2,0
send,1,2,0
regain,1,2,0
neg,1,2,0
conclus,1,2,0
fluid,1,2,0
hurt,1,2,0
exclus,1,2,0
poorli,1,2,0
cooper,1,2,0
stabil,1,2,0
mainli,1,2,0
prove,1,2,0
absenc,1,2,0
behalf,1,2,0
mayb,1,2,0
driven,1,2,0
agricultur,1,2,0
amend,1,2,0
enforc,1,2,0
friendli,1,2,0
singl,1,1,11
black,1,1,10
golden,1,1,10
lose,1,1,4
jim,1,1,4
african,1,1,3
everybodi,1,1,3
sound,1,1,3
professor,1,1,3
contest,1,1,3
nine,1,1,2
depress,1,1,2
partli,1,1,2
secret,1,1,2
complaint,1,1,2
convict,1,1,2
essenti,1,1,2
white,1,1,2
creation,1,1,2
alert,1,1,2
fire,1,1,2
room,1,1,2
digit,1,1,2
sometim,1,1,2
tend,1,1,2
alon,1,1,1
client,1,1,1
team,1,1,1
admiss,1,1,1
whatev,1,1,1
unknown,1,1,1
contrast,1,1,1
portfolio,1,1,1
invit,1,1,1
understood,1,1,1
progress,1,1,1
deserv,1,1,1
handl,1,1,1
bodi,1,1,1
twin,1,1,1
arrang,1,1,1
twoday,1,1,1
unnam,1,1,1
carol,1,1,1
instead,1,1,1
renew,1,1,1
statu,1,1,1
convinc,1,1,1
villag,1,1,1
delay,1,1,1
websit,1,1,1
rent,1,1,1
sink,1,1,1
descript,1,1,1
mission,1,1,1
wast,1,1,1
routin,1,1,1
indefinit,1,1,1
headquart,1,1,1
sky,1,1,0
goal,1,1,0
burst,1,1,0
margin,1,1,0
stanley,1,1,0
survey,1,1,0
stick,1,1,0
type,1,1,0
twothird,1,1,0
nato,1,1,0
presidenti,1,1,0
reward,1,1,0
membership,1,1,0
difficulti,1,1,0
alarm,1,1,0
rung,1,1,0
cautiou,1,1,0
background,1,1,0
unnecessari,1,1,0
soft,1,1,0
provinc,1,1,0
drag,1,1,0
provis,1,1,0
frontlin,1,1,0
jurisdict,1,1,0
repeatedli,1,1,0
appropri,1,1,0
toler,1,1,0
halt,1,1,0
mandatori,1,1,0
sand,1,1,0
upper,1,1,0
suffici,1,1,0
wood,1,1,0
broken,1,1,0
consumpt,1,1,0
leapfrog,1,1,0
tone,1,1,0
simpl,1,1,0
circumst,1,1,0
vision,1,1,0
broad,1,1,0
rhetor,1,1,0
belief,1,1,0
prioriti,1,1,0
clamp,1,1,0
flag,1,1,0
intensifi,1,1,0
merchant,1,1,0
underli,1,1,0
core,1,1,0
swell,1,1,0
subscrib,1,1,0
interven,1,1,0
correct,1,1,0
industrialis,1,1,0
grab,1,1,0
sought,1,1,0
fishermen,1,1,0
overturn,1,1,0
contend,1,1,0
optimist,1,1,0
reluct,1,1,0
stuck,1,1,0
effici,1,1,0
confus,1,1,0
afraid,1,1,0
benchmark,1,1,0
hike,1,1,0
fallen,1,1,0
flexibl,1,1,0
manchest,1,1,0
adequ,1,1,0
space,1,1,0
function,1,1,0
slash,1,1,0
abandon,1,1,0
edward,1,0,22
ice,1,0,10
studio,1,0,10
broadcast,1,0,7
pursu,1,0,7
etern,1,0,6
bond,1,0,6
scott,1,0,5
ocean,1,0,5
agent,1,0,5
pictur,1,0,5
arriv,1,0,4
pull,1,0,4
island,1,0,4
morri,1,0,4
fellow,1,0,4
hidden,1,0,3
chri,1,0,3
joshua,1,0,3
alex,1,0,3
assum,1,0,3
escap,1,0,3
worldwid,1,0,3
fame,1,0,3
philip,1,0,3
schedul,1,0,3
profession,1,0,3
reid,1,0,2
portray,1,0,2
graduat,1,0,2
gmt,1,0,2
kick,1,0,2
eleven,1,0,2
fiction,1,0,2
river,1,0,2
medium,1,0,2
van,1,0,2
hotel,1,0,2
player,1,0,2
destroy,1,0,2
request,1,0,1
darl,1,0,1
fought,1,0,1
inject,1,0,1
conclud,1,0,1
plea,1,0,1
revers,1,0,1
reliant,1,0,1
prospect,1,0,1
smooth,1,0,1
wall,1,0,1
journal,1,0,1
havana,1,0,1
malibu,1,0,1
verdict,1,0,1
shelv,1,0,1
bell,1,0,1
midday,1,0,1
lifeblood,1,0,1
capabl,1,0,1
triniti,1,0,1
multibillion,1,0,1
gianni,1,0,1
troubl,1,0,1
true,1,0,1
reli,1,0,1
chapter,1,0,1
wrangl,1,0,1
embarrass,1,0,1
tshirt,1,0,1
rupert,1,0,1
huckabe,1,0,1
sydney,1,0,1
retain,1,0,1
defi,1,0,1
underground,1,0,1
reloc,1,0,1
heel,1,0,1
followup,1,0,1
narrowli,1,0,1
implic,1,0,1
appetit,1,0,1
downward,1,0,1
hood,1,0,1
harder,1,0,1
steer,1,0,1
trailblaz,1,0,1
grappl,1,0,1
healthcar,1,0,1
reput,1,0,1
wellknown,1,0,1
shut,1,0,1
elsewher,1,0,1
dealer,1,0,1
illfat,1,0,1
clue,1,0,1
solut,1,0,1
jay,1,0,1
fathom,1,0,1
threw,1,0,1
fool,1,0,1
hammer,1,0,1
clement,1,0,1
solid,1,0,1
calendar,1,0,1
rental,1,0,1
sharp,1,0,1
macfarlan,1,0,1
costello,1,0,1
lifetim,1,0,1
charm,1,0,1
prejudic,1,0,1
program,1,0,1
footag,1,0,1
slice,1,0,1
extent,1,0,1
wholesal,1,0,1
blind,1,0,1
anyway,1,0,1
berni,1,0,0
juror,1,0,0
distanc,1,0,0
testifi,1,0,0
mastermind,1,0,0
affabl,1,0,0
pe,1,0,0
ceo,1,0,0
firmli,1,0,0
innoc,1,0,0
plummet,1,0,0
plung,1,0,0
steep,1,0,0
brett,1,0,0
godfrey,1,0,0
branson,1,0,0
fend,1,0,0
passeng,1,0,0
approxim,1,0,0
slack,1,0,0
carrier,1,0,0
qanta,1,0,0
sydneylist,1,0,0
snowfal,1,0,0
heat,1,0,0
shiver,1,0,0
unseason,1,0,0
fiveweek,1,0,0
overnight,1,0,0
fur,1,0,0
obvious,1,0,0
fathi,1,0,0
bin,1,0,0
shatwan,1,0,0
libya,1,0,0
excess,1,0,0
hemispher,1,0,0
eas,1,0,0
korean,1,0,0
avert,1,0,0
liquid,1,0,0
conglomer,1,0,0
stabilis,1,0,0
shockwav,1,0,0
redempt,1,0,0
laah,1,0,0
chonggyu,1,0,0
convert,1,0,0
sejong,1,0,0
exce,1,0,0
mitsui,1,0,0
latter,1,0,0
exit,1,0,0
profil,1,0,0
fourthlargest,1,0,0
thirdlargest,1,0,0
secondlargest,1,0,0
absorb,1,0,0
ufjmtfg,1,0,0
largestev,1,0,0
deepen,1,0,0
daiwa,1,0,0
fullblown,1,0,0
malpractic,1,0,0
aig,1,0,0
mclennan,1,0,0
eliot,1,0,0
feloni,1,0,0
rig,1,0,0
fix,1,0,0
shrank,1,0,0
upset,1,0,0
confound,1,0,0
zero,1,0,0
standstil,1,0,0
impend,1,0,0
destati,1,0,0
outweigh,1,0,0
relentless,1,0,0
ecb,1,0,0
mandat,1,0,0
slight,1,0,0
downturn,1,0,0
woolwich,1,0,0
pricewaterhousecoop,1,0,0
pwc,1,0,0
overvalu,1,0,0
homeown,1,0,0
amidst,1,0,0
naoki,1,0,0
kamiyama,1,0,0
pessim,1,0,0
quarterli,1,0,0
tankan,1,0,0
trader,1,0,0
trough,1,0,0
outperform,1,0,0
norwich,1,0,0
axa,1,0,0
compens,1,0,0
payout,1,0,0
float,1,0,0
ricard,1,0,0
diageo,1,0,0
capitalis,1,0,0
glenmorangi,1,0,0
lvmh,1,0,0
chiva,1,0,0
regal,1,0,0
scotch,1,0,0
jacob,1,0,0
creek,1,0,0
courvoisi,1,0,0
brandi,1,0,0
stolichnaya,1,0,0
vodka,1,0,0
ballantin,1,0,0
snack,1,0,0
dunkin,1,0,0
donut,1,0,0
baskinrobbin,1,0,0
cream,1,0,0
wsj,1,0,0
ripe,1,0,0
problemat,1,0,0
fastfood,1,0,0
oust,1,0,0
longserv,1,0,0
leonid,1,0,0
atlant,1,0,0
nonnato,1,0,0
moscowback,1,0,0
yanukovych,1,0,0
yulia,1,0,0
tymoshenko,1,0,0
spotlight,1,0,0
sooth,1,0,0
fray,1,0,0
nerv,1,0,0
shape,1,0,0
ukrainian,1,0,0
steel,1,0,0
krivorizhst,1,0,0
pinchuk,1,0,0
soninlaw,1,0,0
formerpresid,1,0,0
rinat,1,0,0
akhmetov,1,0,0
viceprim,1,0,0
oleg,1,0,0
backlash,1,0,0
topic,1,0,0
honest,1,0,0
sympathet,1,0,0
ear,1,0,0
reiter,1,0,0
claud,1,0,0
veronrevil,1,0,0
mandelson,1,0,0
border,1,0,0
pragmat,1,0,0
shop,1,0,0
justifi,1,0,0
voluntarili,1,0,0
fourthquart,1,0,0
vioxxrel,1,0,0
user,1,0,0
stomach,1,0,0
bextra,1,0,0
reintroduct,1,0,0
altern,1,0,0
cardiovascular,1,0,0
senat,1,0,0
medicin,1,0,0
editori,1,0,0
ballot,1,0,0
pearson,1,0,0
voluntari,1,0,0
stood,1,0,0
torn,1,0,0
teeth,1,0,0
jeremi,1,0,0
dear,1,0,0
barri,1,0,0
disregard,1,0,0
broadsheet,1,0,0
hedg,1,0,0
larger,1,0,0
continent,1,0,0
frederick,1,0,0
conrad,1,0,0
holling,1,0,0
mull,1,0,0
littlewood,1,0,0
maclennan,1,0,0
machineri,1,0,0
alik,1,0,0
mirror,1,0,0
mail,1,0,0
cigarett,1,0,0
surrend,1,0,0
tougher,1,0,0
counteract,1,0,0
mafia,1,0,0
infiltr,1,0,0
thermal,1,0,0
partial,1,0,0
rupeesbn,1,0,0
softwar,1,0,0
tata,1,0,0
oversubscrib,1,0,0
suha,1,0,0
naik,1,0,0
ing,1,0,0
energystarv,1,0,0
fiatgm,1,0,0
midnight,1,0,0
unprofit,1,0,0
deadlock,1,0,0
payoff,1,0,0
extric,1,0,0
void,1,0,0
via,1,0,0
capitalrais,1,0,0
outright,1,0,0
agnelli,1,0,0
godfath,1,0,0
pile,1,0,0
saab,1,0,0
juchemich,1,0,0
auto,1,0,0
sal,1,0,0
oppenheim,1,0,0
aburiz,1,0,0
bisni,1,0,0
previouslypledg,1,0,0
aceh,1,0,0
nevertheless,1,0,0
mahendra,1,0,0
afp,1,0,0
temporarili,1,0,0
seychel,1,0,0
alwi,1,0,0
shihab,1,0,0
ap,1,0,0
allay,1,0,0
secondfastest,1,0,0
slowerthanexpect,1,0,0
tradedriven,1,0,0
gross,1,0,0
lian,1,0,0
chia,1,0,0
liang,1,0,0
jp,1,0,0
weigh,1,0,0
bounc,1,0,0
deadli,1,0,0
sar,1,0,0
viru,1,0,0
brendan,1,0,0
barber,1,0,0
reorganis,1,0,0
unpaid,1,0,0
dispos,1,0,0
meaningless,1,0,0
letitia,1,0,0
chunk,1,0,0
bail,1,0,0
platon,1,0,0
fertilis,1,0,0
absurd,1,0,0
contradict,1,0,0
testimoni,1,0,0
motiv,1,0,0
vladimir,1,0,0
putin,1,0,0
superrich,1,0,0
oligarch,1,0,0
funnel,1,0,0
reelect,1,0,0
mathieu,1,0,0
wrongdo,1,0,0
californiabas,1,0,0
falsifi,1,0,0
antibriberi,1,0,0
slogan,1,0,0
quadrupl,1,0,0
lam,1,0,0
robot,1,0,0
nullifi,1,0,0
transfer,1,0,0
domicil,1,0,0
delawar,1,0,0
obey,1,0,0
builder,1,0,0
compli,1,0,0
shutdown,1,0,0
abid,1,0,0
chronic,1,0,0
shortag,1,0,0
factori,1,0,0
parttim,1,0,0
megawatt,1,0,0
jinshajiang,1,0,0
yangtz,1,0,0
downstream,1,0,0
mervyn,1,0,0
bridgewel,1,0,0
achil,1,0,0
bradi,1,0,0
northeast,1,0,0
eventu,1,0,0
blast,1,0,0
yearago,1,0,0
milit,1,0,0
riyadh,1,0,0
saudi,1,0,0
arabia,1,0,0
briefli,1,0,0
panick,1,0,0
evapor,1,0,0
deborah,1,0,0
sg,1,0,0
teeter,1,0,0
brink,1,0,0
similars,1,0,0
hesit,1,0,0
keen,1,0,0
heizo,1,0,0
takenaka,1,0,0
sanguin,1,0,0
patchier,1,0,0
sheard,1,0,0
lehman,1,0,0
prestig,1,0,0
laggard,1,0,0
equal,1,0,0
urgenc,1,0,0
dutch,1,0,0
incept,1,0,0
synonym,1,0,0
quo,1,0,0
wane,1,0,0
lag,1,0,0
volunt,1,0,0
ink,1,0,0
scarc,1,0,0
dri,1,0,0
implod,1,0,0
knowledgebas,1,0,0
compel,1,0,0
hofheinz,1,0,0
habit,1,0,0
haunt,1,0,0
inclus,1,0,0
prioritis,1,0,0
emphasi,1,0,0
shame,1,0,0
necessarili,1,0,0
anymor,1,0,0
emul,1,0,0
backseat,1,0,0
sail,1,0,0
unchart,1,0,0
sacrif,1,0,0
altar,1,0,0
palmer,1,0,0
thinktank,1,0,0
workforc,1,0,0
manuel,1,0,0
fiveyear,1,0,0
chees,1,0,0
rapidli,1,0,0
expand,1,0,0
spur,1,0,0
astronom,1,0,0
dollardenomin,1,0,0
widen,1,0,0
mariepierr,1,0,0
ripert,1,0,0
ixi,1,0,0
highway,1,0,0
traffic,1,0,0
pickup,1,0,0
malfunct,1,0,0
avalanch,1,0,0
kodiak,1,0,0
silverad,1,0,0
suburban,1,0,0
savana,1,0,0
sierra,1,0,0
yukon,1,0,0
fragment,1,0,0
hydraul,1,0,0
leak,1,0,0
cadillac,1,0,0
xlr,1,0,0
coup,1,0,0
srx,1,0,0
grand,1,0,0
prix,1,0,0
pedal,1,0,0
buick,1,0,0
ranier,1,0,0
envoy,1,0,0
isuzu,1,0,0
ascend,1,0,0
windshield,1,0,0
injuri,1,0,0
drugmak,1,0,0
bignam,1,0,0
pharmaceut,1,0,0
annouc,1,0,0
antidepress,1,0,0
prozac,1,0,0
eli,1,0,0
lilli,1,0,0
hypertens,1,0,0
norvasc,1,0,0
apac,1,0,0
rd,1,0,0
decreas,1,0,0
patent,1,0,0
stapl,1,0,0
ingredi,1,0,0
fourmonth,1,0,0
sweet,1,0,0
gallon,1,0,0
refin,1,0,0
unabl,1,0,0
citigroup,1,0,0
kyle,1,0,0
sillier,1,0,0
scrambl,1,0,0
gulf,1,0,0
coast,1,0,0
mechan,1,0,0
bp,1,0,0
cartel,1,0,0
colder,1,0,0
instabl,1,0,0
subscript,1,0,0
takeup,1,0,0
fullyear,1,0,0
kingdom,1,0,0
thierri,1,0,0
breton,1,0,0
likeforlik,1,0,0
directori,1,0,0
pagesjaun,1,0,0
unwilling,1,0,0
autom,1,0,0
amplifi,1,0,0
jumpi,1,0,0
versu,1,0,0
managementchicago,1,0,0
yesterday,1,0,0
mackel,1,0,0
gerhard,1,0,0
silvio,1,0,0
colombian,1,0,0
earmark,1,0,0
expenditur,1,0,0
earthquak,1,0,0
claimant,1,0,0
lloyd,1,0,0
marin,1,0,0
hanov,1,0,0
fifthlargest,1,0,0
tsunamirel,1,0,0
casualti,1,0,0
unclear,1,0,0
serg,1,0,0
troeber,1,0,0
complic,1,0,0
allianz,1,0,0
tidal,1,0,0
zurich,1,0,0
catastroph,1,0,0
fraction,1,0,0
malaysia,1,0,0
prudenti,1,0,0
gelb,1,0,0
minim,1,0,0
bermudabas,1,0,0
newsom,1,0,0
ag,1,0,0
co,1,0,0
usbas,1,0,0
incalcul,1,0,0
nameless,1,0,0
wipe,1,0,0
livelihood,1,0,0
jan,1,0,0
egeland,1,0,0
humanitarian,1,0,0
possess,1,0,0
smoker,1,0,0
setback,1,0,0
anthoni,1,0,0
sebok,1,0,0
brooklyn,1,0,0
advert,1,0,0
racket,1,0,0
plaza,1,0,0
unifi,1,0,0
modifi,1,0,0
ohlemey,1,0,0
dishonest,1,0,0
grown,1,0,0
dramat,1,0,0
inventori,1,0,0
takashi,1,0,0
yamanaka,1,0,0
downgrad,1,0,0
stagnat,1,0,0
resili,1,0,0
jobless,1,0,0
prey,1,0,0
speedi,1,0,0
munichbas,1,0,0
dz,1,0,0
bernd,1,0,0
weidenstein,1,0,0
wolfgang,1,0,0
dip,1,0,0
mild,1,0,0
retreat,1,0,0
upsw,1,0,0
elus,1,0,0
hanswern,1,0,0
sinn,1,0,0
sank,1,0,0
fare,1,0,0
notch,1,0,0
gasguzzl,1,0,0
cobalt,1,0,0
lanev,1,0,0
ninth,1,0,0
firstquart,1,0,0
chrysler,1,0,0
detroit,1,0,0
automak,1,0,0
boast,1,0,0
nibbl,1,0,0
suzuki,1,0,0
snap,1,0,0
tripl,1,0,0
hyundai,1,0,0
gainer,1,0,0
redesign,1,0,0
avalon,1,0,0
gaselectr,1,0,0
priu,1,0,0
hybrid,1,0,0
midsiz,1,0,0
petrolpric,1,0,0
consciou,1,0,0
catch,1,0,0
proceed,1,0,0
stelio,1,0,0
lowcost,1,0,0
disclaim,1,0,0
cafe,1,0,0
interc,1,0,0
sim,1,0,0
airtim,1,0,0
tmobil,1,0,0
handset,1,0,0
prosper,1,0,0
reap,1,0,0
blight,1,0,0
uncertainti,1,0,0
impli,1,0,0
jolt,1,0,0
hemington,1,0,0
curb,1,0,0
wellflag,1,0,0
illtim,1,0,0
spare,1,0,0
ian,1,0,0
unreason,1,0,0
likelihood,1,0,0
postelect,1,0,0
blyth,1,0,0
commonwealth,1,0,0
leapt,1,0,0
breakneck,1,0,0
spurt,1,0,0
sore,1,0,0
sixyear,1,0,0
relax,1,0,0
taxat,1,0,0
xuren,1,0,0
tighten,1,0,0
healthi,1,0,0
rebat,1,0,0
lawmak,1,0,0
congressionallymand,1,0,0
uschina,1,0,0
labourintens,1,0,0
hitech,1,0,0
embattl,1,0,0
offset,1,0,0
gibraltarbas,1,0,0
web,1,0,0
offshor,1,0,0
liabil,1,0,0
bailiff,1,0,0
personnel,1,0,0
osborn,1,0,0
earnest,1,0,0
virtual,1,0,0
emmanuel,1,0,0
shearman,1,0,0
accru,1,0,0
stockholm,1,0,0
ratifi,1,0,0
signatur,1,0,0
ratif,1,0,0
bound,1,0,0
shell,1,0,0
downfal,1,0,0
vicechairman,1,0,0
soccerex,1,0,0
dubai,1,0,0
ofex,1,0,0
seater,1,0,0
emir,1,0,0
matchday,1,0,0
moneyearn,1,0,0
thorough,1,0,0
constantli,1,0,0
quantiti,1,0,0
sponsor,1,0,0
highburi,1,0,0
stream,1,0,0
pencepershar,1,0,0
parisbas,1,0,0
liff,1,0,0
werner,1,0,0
seifert,1,0,0
significantlyimprov,1,0,0
meantim,1,0,0
amsterdam,1,0,0
sole,1,0,0
assur,1,0,0
ft,1,0,0
offens,1,0,0
helm,1,0,0
luxembourgbas,1,0,0
tick,1,0,0
washingtonbas,1,0,0
persuas,1,0,0
dose,1,0,0
standpoint,1,0,0
fiscal,1,0,0
gratuit,1,0,0
wreck,1,0,0
abroad,1,0,0
bode,1,0,0
creep,1,0,0
interestsensit,1,0,0
automobil,1,0,0
durabl,1,0,0
farmer,1,0,0
capitol,1,0,0
outcri,1,0,0
wise,1,0,0
neutral,1,0,0
captur,1,0,0
remedi,1,0,0
feasibl,1,0,0
elimin,1,0,0
toothless,1,0,0
rash,1,0,0
hardli,1,0,0
explor,1,0,0
cleanup,1,0,0
fantasi,1,0,0
homeland,1,0,0
inevit,1,0,0
brute,1,0,0
illserv,1,0,0
indig,1,0,0
lion,1,0,0
enact,1,0,0
rearrang,1,0,0
harmless,1,0,0
allegi,1,0,0
fixat,1,0,0
infrastructur,1,0,0
workabl,1,0,0
simplifi,1,0,0
restor,1,0,0
erod,1,0,0
dispassion,1,0,0
reevalu,1,0,0
unrel,1,0,0
afghanistan,1,0,0
certain,1,0,0
disquiet,1,0,0
frankfurt,1,0,0
deriv,1,0,0
monopoli,1,0,0
sweeten,1,0,0
blair,0,56,0
tori,0,52,0
mp,0,51,1
howard,0,48,1
lib,0,25,0
dem,0,25,0
hunt,0,25,0
inquiri,0,22,0
children,0,21,10
toni,0,19,2
speech,0,19,1
answer,0,18,2
liber,0,18,0
war,0,17,10
wale,0,17,1
parliament,0,17,0
charl,0,16,8
britain,0,16,5
marri,0,16,2
immigr,0,15,1
voter,0,15,0
ukip,0,14,0
marriag,0,13,0
scottish,0,12,2
princ,0,12,1
cabinet,0,12,0
insist,0,12,0
straw,0,12,0
chairman,0,11,1
cell,0,11,0
kennedi,0,11,0
offenc,0,11,0
polic,0,10,7
pupil,0,10,3
dog,0,10,0
abl,0,9,5
tour,0,9,5
aim,0,9,4
men,0,9,2
hospit,0,9,1
westminst,0,9,0
shadow,0,9,0
saye,0,9,0
mcconnel,0,9,0
intent,0,9,0
tp,0,9,0
advic,0,9,0
parliamentari,0,9,0
woolf,0,9,0
pound,0,8,3
chamber,0,8,2
suspect,0,8,1
parker,0,8,1
protest,0,8,1
select,0,8,1
seat,0,8,1
paper,0,8,0
bowl,0,8,0
jamieson,0,8,0
opinion,0,8,0
nh,0,8,0
gibbon,0,8,0
hutt,0,8,0
ict,0,8,0
bing,0,8,0
embargo,0,8,0
robert,0,7,8
front,0,7,4
prais,0,7,4
describ,0,7,4
jack,0,7,2
cours,0,7,1
appoint,0,7,1
visit,0,7,1
leadership,0,7,0
goldsmith,0,7,0
csa,0,7,0
vulner,0,7,0
drunk,0,7,0
learn,0,6,3
introduc,0,6,2
suicid,0,6,2
treatment,0,6,1
khan,0,6,1
mental,0,6,1
luci,0,6,1
mongrel,0,6,0
hain,0,6,0
appli,0,6,0
gordon,0,6,0
breach,0,6,0
constitu,0,6,0
intend,0,6,0
assembl,0,6,0
summari,0,6,0
salari,0,6,0
divid,0,6,0
ethnic,0,6,0
custodi,0,6,0
peston,0,6,0
euthanasia,0,6,0
kinnock,0,6,0
yearold,0,5,11
alan,0,5,6
squar,0,5,6
anyth,0,5,5
wife,0,5,4
sir,0,5,4
written,0,5,4
queen,0,5,3
arrest,0,5,3
event,0,5,3
extend,0,5,2
engag,0,5,2
will,0,5,2
finish,0,5,1
moral,0,5,1
intellig,0,5,1
royal,0,5,1
coupl,0,5,1
husband,0,5,1
felt,0,5,1
defin,0,5,1
rattl,0,5,0
bit,0,5,0
down,0,5,0
oppos,0,5,0
detent,0,5,0
oaten,0,5,0
wed,0,5,0
elector,0,5,0
truant,0,5,0
medic,0,5,0
sum,0,5,0
joint,0,5,0
nuclear,0,5,0
immunis,0,5,0
text,0,5,0
amnesti,0,5,0
failur,0,5,0
blunkett,0,5,0
middl,0,5,0
cochairman,0,5,0
sham,0,5,0
bradshaw,0,5,0
supercasino,0,5,0
die,0,4,19
univers,0,4,14
mind,0,4,9
host,0,4,8
becam,0,4,7
father,0,4,7
jone,0,4,6
friend,0,4,6
mother,0,4,5
anim,0,4,5
hard,0,4,4
son,0,4,4
happi,0,4,3
experi,0,4,3
foundat,0,4,3
field,0,4,3
everyon,0,4,2
refer,0,4,2
contain,0,4,2
wide,0,4,2
languag,0,4,2
foot,0,4,2
april,0,4,1
session,0,4,1
biographi,0,4,1
younger,0,4,1
remark,0,4,1
gift,0,4,1
respond,0,4,1
ashcroft,0,4,1
crucial,0,4,1
certainli,0,4,1
messag,0,4,1
wild,0,4,1
environ,0,4,0
margaret,0,4,0
pm,0,4,0
duti,0,4,0
headlin,0,4,0
quota,0,4,0
milburn,0,4,0
bench,0,4,0
determin,0,4,0
embrac,0,4,0
briton,0,4,0
intercept,0,4,0
introduct,0,4,0
ireland,0,4,0
sectarian,0,4,0
aynsleygreen,0,4,0
afford,0,4,0
vaccin,0,4,0
welcom,0,4,0
extra,0,4,0
draft,0,4,0
cunningham,0,4,0
brien,0,4,0
intervent,0,4,0
insan,0,4,0
empir,0,4,0
croucher,0,4,0
legalis,0,4,0
chair,0,4,0
undermin,0,4,0
animos,0,4,0
rural,0,4,0
adult,0,4,0
cabl,0,4,0
tiananmen,0,4,0
rimmer,0,4,0
audienc,0,3,21
career,0,3,18
great,0,3,9
night,0,3,9
write,0,3,7
form,0,3,6
wonder,0,3,5
walk,0,3,5
tradit,0,3,4
weekend,0,3,4
christian,0,3,4
fli,0,3,3
fortun,0,3,3
christoph,0,3,3
church,0,3,3
wrote,0,3,3
kelli,0,3,3
taylor,0,3,3
read,0,3,3
frank,0,3,3
someon,0,3,2
chanc,0,3,2
pitt,0,3,2
anyon,0,3,2
dinner,0,3,2
earth,0,3,2
diana,0,3,2
serial,0,3,2
mass,0,3,2
seem,0,3,2
daughter,0,3,2
task,0,3,2
advoc,0,3,1
clearli,0,3,1
ring,0,3,1
sensibl,0,3,1
departur,0,3,1
radic,0,3,1
initi,0,3,1
accompani,0,3,1
glasgow,0,3,1
particular,0,3,1
inappropri,0,3,1
occas,0,3,1
scrap,0,3,1
apart,0,3,1
household,0,3,1
anybodi,0,3,1
peac,0,3,1
letter,0,3,1
sex,0,3,1
establish,0,3,1
demonstr,0,3,1
tactic,0,3,0
dixon,0,3,0
ordinari,0,3,0
basic,0,3,0
easter,0,3,0
nobodi,0,3,0
rush,0,3,0
frighten,0,3,0
alzheim,0,3,0
neuron,0,3,0
tissu,0,3,0
deport,0,3,0
scrutini,0,3,0
terrorist,0,3,0
resign,0,3,0
principl,0,3,0
ruth,0,3,0
truanci,0,3,0
bigot,0,3,0
celtic,0,3,0
ranger,0,3,0
violenc,0,3,0
matthew,0,3,0
prof,0,3,0
unison,0,3,0
insul,0,3,0
davey,0,3,0
joseph,0,3,0
kilroysilk,0,3,0
kashmir,0,3,0
pakistan,0,3,0
kashmiri,0,3,0
gavi,0,3,0
bind,0,3,0
confidenti,0,3,0
weapon,0,3,0
fulli,0,3,0
resolut,0,3,0
simpler,0,3,0
faith,0,3,0
frontbench,0,3,0
serialis,0,3,0
helicopt,0,3,0
gateshead,0,3,0
nanni,0,3,0
forgotten,0,3,0
applic,0,3,0
nick,0,3,0
sandra,0,3,0
poster,0,3,0
deepli,0,3,0
document,0,3,0
safeguard,0,3,0
judiciari,0,3,0
concentr,0,3,0
rift,0,3,0
ferri,0,3,0
prohunt,0,3,0
confront,0,3,0
cmf,0,3,0
highland,0,3,0
underag,0,3,0
irrespons,0,3,0
registrar,0,3,0
deer,0,3,0
opik,0,3,0
defra,0,3,0
christma,0,2,20
ceremoni,0,2,13
categori,0,2,13
old,0,2,9
respect,0,2,6
fan,0,2,6
reunit,0,2,6
itv,0,2,5
episod,0,2,5
leicest,0,2,5
lesson,0,2,4
chariti,0,2,4
unveil,0,2,4
harri,0,2,3
pack,0,2,3
lectur,0,2,3
regular,0,2,3
mike,0,2,3
exhibit,0,2,3
adam,0,2,3
mine,0,2,2
entitl,0,2,2
andrew,0,2,2
resist,0,2,2
collin,0,2,2
dub,0,2,2
restrict,0,2,2
aliv,0,2,2
treat,0,2,2
patrol,0,2,2
section,0,2,2
alcohol,0,2,2
bar,0,2,2
resurrect,0,2,2
marshal,0,2,2
africa,0,2,2
speaker,0,2,2
secondari,0,2,2
noon,0,2,2
proof,0,2,1
swap,0,2,1
mood,0,2,1
windsor,0,2,1
castl,0,2,1
wider,0,2,1
equival,0,2,1
twice,0,2,1
skill,0,2,1
script,0,2,1
discount,0,2,1
gate,0,2,1
robin,0,2,1
mate,0,2,1
outrag,0,2,1
passion,0,2,1
advis,0,2,1
trip,0,2,1
address,0,2,1
religion,0,2,1
oliv,0,2,1
bone,0,2,1
johnson,0,2,1
smith,0,2,1
speed,0,2,1
victori,0,2,1
succeed,0,2,1
student,0,2,1
highprofil,0,2,1
organ,0,2,1
quot,0,2,1
recognit,0,2,1
quickli,0,2,1
licenc,0,2,1
certif,0,2,1
suppos,0,2,1
gambl,0,2,1
brighton,0,2,0
antiterror,0,2,0
somewher,0,2,0
sake,0,2,0
pig,0,2,0
judgement,0,2,0
shield,0,2,0
racist,0,2,0
cleaner,0,2,0
disciplin,0,2,0
rid,0,2,0
grandchildren,0,2,0
marr,0,2,0
dissolv,0,2,0
whip,0,2,0
palac,0,2,0
bore,0,2,0
unfulfil,0,2,0
richmond,0,2,0
ffion,0,2,0
speechwrit,0,2,0
cram,0,2,0
branch,0,2,0
thingsit,0,2,0
misjudg,0,2,0
scienc,0,2,0
victim,0,2,0
parkinson,0,2,0
devast,0,2,0
scientist,0,2,0
framework,0,2,0
necessari,0,2,0
detaine,0,2,0
belmarsh,0,2,0
egypt,0,2,0
jordan,0,2,0
discriminatori,0,2,0
wiretap,0,2,0
confin,0,2,0
liberti,0,2,0
camilla,0,2,0
await,0,2,0
princess,0,2,0
delight,0,2,0
archbishop,0,2,0
canterburi,0,2,0
divorc,0,2,0
authoris,0,2,0
pleas,0,2,0
congratul,0,2,0
deselect,0,2,0
midbedfordshir,0,2,0
privileg,0,2,0
unjust,0,2,0
welsh,0,2,0
crackdown,0,2,0
remaind,0,2,0
behaviour,0,2,0
sweep,0,2,0
youngster,0,2,0
tool,0,2,0
soccer,0,2,0
instanc,0,2,0
religi,0,2,0
hatr,0,2,0
runup,0,2,0
therefor,0,2,0
oxford,0,2,0
switzerland,0,2,0
proud,0,2,0
prenti,0,2,0
conflict,0,2,0
voucher,0,2,0
plaid,0,2,0
cymru,0,2,0
gp,0,2,0
tremend,0,2,0
remov,0,2,0
reshuffl,0,2,0
chest,0,2,0
autumn,0,2,0
amritsar,0,2,0
rail,0,2,0
mountain,0,2,0
norway,0,2,0
iff,0,2,0
leant,0,2,0
invas,0,2,0
peer,0,2,0
solicitor,0,2,0
qc,0,2,0
cook,0,2,0
convent,0,2,0
indict,0,2,0
sceptic,0,2,0
elit,0,2,0
complex,0,2,0
portillo,0,2,0
column,0,2,0
pitch,0,2,0
discrimin,0,2,0
muslim,0,2,0
terribl,0,2,0
consider,0,2,0
urban,0,2,0
deep,0,2,0
letwin,0,2,0
warm,0,2,0
mainten,0,2,0
correspond,0,2,0
judici,0,2,0
ecommerc,0,2,0
booz,0,2,0
feet,0,2,0
trail,0,2,0
machin,0,2,0
deleg,0,2,0
heath,0,2,0
snatch,0,2,0
offend,0,2,0
imprison,0,2,0
oblig,0,2,0
euroscept,0,2,0
allegedli,0,2,0
kilbrid,0,2,0
lanarkshir,0,2,0
mep,0,2,0
lawabid,0,2,0
scale,0,2,0
englishspeak,0,2,0
manifesto,0,2,0
none,0,2,0
distract,0,2,0
idioci,0,2,0
herald,0,2,0
overreact,0,2,0
overshot,0,2,0
runway,0,2,0
nielson,0,2,0
veto,0,2,0
falcon,0,2,0
hutton,0,2,0
breakfast,0,2,0
frost,0,2,0
contempt,0,2,0
prescott,0,2,0
deliber,0,2,0
manoeuvr,0,2,0
profound,0,2,0
mistrust,0,2,0
pretend,0,2,0
alright,0,2,0
betray,0,2,0
longplan,0,2,0
outdo,0,2,0
squabbl,0,2,0
liam,0,2,0
repaid,0,2,0
complac,0,2,0
liverpool,0,2,0
oti,0,2,0
station,0,2,0
ledburi,0,2,0
countrysid,0,2,0
interpret,0,2,0
incapacit,0,2,0
presumpt,0,2,0
withdraw,0,2,0
fellowship,0,2,0
lcf,0,2,0
lammi,0,2,0
clariti,0,2,0
snp,0,2,0
consequ,0,2,0
context,0,2,0
nutter,0,2,0
aggress,0,2,0
ancram,0,2,0
noneu,0,2,0
jcwi,0,2,0
asylum,0,2,0
beynon,0,2,0
proportion,0,2,0
incompat,0,2,0
processor,0,2,0
fisheri,0,2,0
finni,0,2,0
peterhead,0,2,0
devon,0,2,0
unwant,0,2,0
invent,0,2,0
star,0,1,70
award,0,1,63
actor,0,1,42
band,0,1,25
prize,0,1,18
winner,0,1,16
rock,0,1,15
celebr,0,1,11
love,0,1,9
featur,0,1,9
classic,0,1,9
soul,0,1,8
davi,0,1,8
stori,0,1,8
colleg,0,1,7
green,0,1,7
novel,0,1,7
idea,0,1,7
reev,0,1,6
talent,0,1,6
video,0,1,6
red,0,1,5
guy,0,1,5
bafta,0,1,5
woman,0,1,5
hugh,0,1,5
martin,0,1,5
incred,0,1,5
saturday,0,1,4
dead,0,1,4
clive,0,1,3
edinburgh,0,1,3
dedic,0,1,3
guid,0,1,3
leaflet,0,1,3
jane,0,1,3
test,0,1,3
impress,0,1,3
edit,0,1,3
ticket,0,1,3
simon,0,1,3
cri,0,1,3
michel,0,1,3
influenti,0,1,3
stephen,0,1,3
scot,0,1,3
shoot,0,1,3
desper,0,1,3
solo,0,1,3
break,0,1,2
editor,0,1,2
brain,0,1,2
mid,0,1,2
discoveri,0,1,2
diamond,0,1,2
st,0,1,2
jonathan,0,1,2
taxpay,0,1,2
widespread,0,1,2
commerci,0,1,2
snow,0,1,2
brian,0,1,2
breakthrough,0,1,2
collater,0,1,2
contribut,0,1,2
notori,0,1,2
matrix,0,1,2
teacher,0,1,2
outstand,0,1,2
score,0,1,2
stunt,0,1,2
fantast,0,1,2
reduct,0,1,2
reveng,0,1,2
ran,0,1,2
dian,0,1,2
pub,0,1,2
road,0,1,2
treasuri,0,1,2
la,0,1,2
upbeat,0,1,1
chord,0,1,1
cambridg,0,1,1
id,0,1,1
master,0,1,1
stuff,0,1,1
superman,0,1,1
opt,0,1,1
numer,0,1,1
surviv,0,1,1
fifth,0,1,1
bristol,0,1,1
visibl,0,1,1
hardcor,0,1,1
fundrais,0,1,1
al,0,1,1
els,0,1,1
ten,0,1,1
despair,0,1,1
consist,0,1,1
predecessor,0,1,1
babi,0,1,1
multimillion,0,1,1
millionair,0,1,1
mcdonald,0,1,1
shrine,0,1,1
millennium,0,1,1
hilari,0,1,1
eve,0,1,1
relev,0,1,1
weekli,0,1,1
exact,0,1,1
skin,0,1,1
fundament,0,1,1
safe,0,1,1
employe,0,1,1
poorest,0,1,1
comput,0,1,1
allen,0,1,1
hamilton,0,1,1
flourish,0,1,1
hall,0,1,1
applaus,0,1,1
postpon,0,1,1
tast,0,1,1
tap,0,1,1
clean,0,1,1
spoke,0,1,1
ted,0,1,1
wilson,0,1,1
gear,0,1,1
encount,0,1,1
robberi,0,1,1
widerang,0,1,1
storm,0,1,1
knight,0,1,1
retrospect,0,1,1
regret,0,1,1
beyond,0,1,1
defiant,0,1,1
imposs,0,1,1
preserv,0,1,1
andrea,0,1,1
loophol,0,1,1
unscrupul,0,1,1
inherit,0,1,1
updat,0,1,1
evil,0,1,1
nicola,0,1,1
joy,0,1,1
realis,0,1,1
anonym,0,1,1
flagship,0,1,1
upcom,0,1,1
tip,0,1,1
firsttim,0,1,1
degre,0,1,1
condemn,0,1,1
brad,0,1,1
resid,0,1,1
conveni,0,1,1
samuel,0,1,1
belgian,0,1,1
northwest,0,1,1
outlaw,0,1,1
complain,0,1,1
exercis,0,1,1
style,0,1,1
jibe,0,1,0
behav,0,1,0
cling,0,1,0
fagin,0,1,0
shylock,0,1,0
beckett,0,1,0
cancel,0,1,0
curriculum,0,1,0
tape,0,1,0
perfectli,0,1,0
pose,0,1,0
frantic,0,1,0
fouryear,0,1,0
embryon,0,1,0
laboratori,0,1,0
kidney,0,1,0
nostalg,0,1,0
har,0,1,0
mankind,0,1,0
enhanc,0,1,0
stemcel,0,1,0
meddl,0,1,0
multipl,0,1,0
sclerosi,0,1,0
courag,0,1,0
grownup,0,1,0
paralys,0,1,0
hors,0,1,0
ride,0,1,0
outlin,0,1,0
curfew,0,1,0
tag,0,1,0
algeria,0,1,0
tunisia,0,1,0
tortur,0,1,0
staffordsmith,0,1,0
deter,0,1,0
freed,0,1,0
backfir,0,1,0
resent,0,1,0
recruit,0,1,0
securityclear,0,1,0
phonetap,0,1,0
shami,0,1,0
chakrabarti,0,1,0
adher,0,1,0
cat,0,1,0
mous,0,1,0
hrh,0,1,0
duchess,0,1,0
cornwal,0,1,0
consort,0,1,0
monarchi,0,1,0
throne,0,1,0
grandson,0,1,0
abdic,0,1,0
knee,0,1,0
display,0,1,0
heirloom,0,1,0
wifetob,0,1,0
duke,0,1,0
luck,0,1,0
prayer,0,1,0
chapel,0,1,0
rowan,0,1,0
suprem,0,1,0
anglican,0,1,0
remarriag,0,1,0
divorce,0,1,0
disillusion,0,1,0
ro,0,1,0
coward,0,1,0
mostli,0,1,0
clarenc,0,1,0
visitor,0,1,0
odel,0,1,0
manner,0,1,0
suspens,0,1,0
unreserv,0,1,0
apolog,0,1,0
error,0,1,0
smallscal,0,1,0
turnout,0,1,0
mailshot,0,1,0
shift,0,1,0
sam,0,1,0
democraci,0,1,0
unhappi,0,1,0
consensu,0,1,0
stubborn,0,1,0
skip,0,1,0
permit,0,1,0
classroom,0,1,0
academ,0,1,0
hotspot,0,1,0
countrywid,0,1,0
apprehend,0,1,0
dodg,0,1,0
cathi,0,1,0
cup,0,1,0
parkhead,0,1,0
antisectarian,0,1,0
squeez,0,1,0
tension,0,1,0
troublesom,0,1,0
desir,0,1,0
taint,0,1,0
troublemak,0,1,0
boil,0,1,0
identifi,0,1,0
incit,0,1,0
unsolicit,0,1,0
privaci,0,1,0
identif,0,1,0
phil,0,1,0
depend,0,1,0
swift,0,1,0
ceas,0,1,0
guidelin,0,1,0
tsar,0,1,0
ormond,0,1,0
ayear,0,1,0
wellb,0,1,0
clinic,0,1,0
oriel,0,1,0
grandfath,0,1,0
overhaul,0,1,0
eightieth,0,1,0
anxiou,0,1,0
leadup,0,1,0
anger,0,1,0
servant,0,1,0
dave,0,1,0
raw,0,1,0
rile,0,1,0
breathtak,0,1,0
hypocrisi,0,1,0
serwotka,0,1,0
rethink,0,1,0
brigad,0,1,0
firefight,0,1,0
chip,0,1,0
woolstenholm,0,1,0
scandal,0,1,0
blaengwynfi,0,1,0
afan,0,1,0
valley,0,1,0
aberavon,0,1,0
fiveandahalf,0,1,0
length,0,1,0
weep,0,1,0
healthier,0,1,0
acrosstheboard,0,1,0
overshadow,0,1,0
rhodri,0,1,0
nye,0,1,0
bevan,0,1,0
architect,0,1,0
ieuan,0,1,0
wyn,0,1,0
deckchair,0,1,0
kisrti,0,1,0
deflect,0,1,0
flak,0,1,0
corner,0,1,0
affili,0,1,0
drayson,0,1,0
powderject,0,1,0
smallpox,0,1,0
businessman,0,1,0
philanthropist,0,1,0
ondaatj,0,1,0
refriger,0,1,0
magnat,0,1,0
haughey,0,1,0
obe,0,1,0
bequest,0,1,0
beardmor,0,1,0
hambro,0,1,0
magan,0,1,0
bearwood,0,1,0
rowntre,0,1,0
ltd,0,1,0
syke,0,1,0
knowingli,0,1,0
recklessli,0,1,0
ceasefir,0,1,0
islamabad,0,1,0
srinagar,0,1,0
muzaffarabad,0,1,0
warmli,0,1,0
applaud,0,1,0
sikhism,0,1,0
holiest,0,1,0
templ,0,1,0
bread,0,1,0
roti,0,1,0
pakistani,0,1,0
lahor,0,1,0
rajasthan,0,1,0
sindh,0,1,0
reopen,0,1,0
consul,0,1,0
karachi,0,1,0
mumbai,0,1,0
bombay,0,1,0
flashpoint,0,1,0
mortal,0,1,0
fivepoint,0,1,0
jointli,0,1,0
thereaft,0,1,0
barrier,0,1,0
compassion,0,1,0
disguis,0,1,0
neoliber,0,1,0
deeper,0,1,0
invad,0,1,0
wholli,0,1,0
unfound,0,1,0
stormi,0,1,0
pivot,0,1,0
willing,0,1,0
mackay,0,1,0
skidelski,0,1,0
exactli,0,1,0
dossier,0,1,0
finalis,0,1,0
harriet,0,1,0
harman,0,1,0
greenwood,0,1,0
irvin,0,1,0
lairg,0,1,0
purport,0,1,0
misl,0,1,0
accur,0,1,0
butler,0,1,0
philipp,0,1,0
cheri,0,1,0
sanction,0,1,0
lament,0,1,0
iren,0,1,0
flout,0,1,0
spread,0,1,0
camp,0,1,0
guantanamo,0,1,0
bay,0,1,0
cuba,0,1,0
ageold,0,1,0
translat,0,1,0
sidelin,0,1,0
infecti,0,1,0
secretarygener,0,1,0
perceiv,0,1,0
passiv,0,1,0
mobilis,0,1,0
drip,0,1,0
alqaeda,0,1,0
irrelev,0,1,0
strife,0,1,0
elitist,0,1,0
bunch,0,1,0
hopemong,0,1,0
overcom,0,1,0
sixfigur,0,1,0
exhealth,0,1,0
supremo,0,1,0
command,0,1,0
bridgepoint,0,1,0
oneman,0,1,0
net,0,1,0
undisclos,0,1,0
variou,0,1,0
nonexecut,0,1,0
bae,0,1,0
paperback,0,1,0
tote,0,1,0
ann,0,1,0
widdecomb,0,1,0
agoni,0,1,0
aunt,0,1,0
indepen,0,1,0
seminar,0,1,0
abdullah,0,1,0
sightse,0,1,0
wadi,0,1,0
hamper,0,1,0
sultan,0,1,0
brunei,0,1,0
mexico,0,1,0
jet,0,1,0
singlebedroom,0,1,0
flat,0,1,0
outdat,0,1,0
racial,0,1,0
enterpris,0,1,0
hindu,0,1,0
sikh,0,1,0
downdraft,0,1,0
islamaphobia,0,1,0
sayeeda,0,1,0
warsi,0,1,0
abolish,0,1,0
compulsori,0,1,0
contracept,0,1,0
arrog,0,1,0
forthcom,0,1,0
sage,0,1,0
nurs,0,1,0
lay,0,1,0
mistak,0,1,0
erm,0,1,0
repossess,0,1,0
bust,0,1,0
platform,0,1,0
ovat,0,1,0
minimum,0,1,0
matern,0,1,0
interact,0,1,0
queri,0,1,0
email,0,1,0
blairera,0,1,0
callaghan,0,1,0
copeland,0,1,0
beef,0,1,0
wake,0,1,0
bse,0,1,0
allparti,0,1,0
loyal,0,1,0
backbench,0,1,0
wound,0,1,0
archi,0,1,0
kirkwood,0,1,0
inaccur,0,1,0
conting,0,1,0
cs,0,1,0
backlog,0,1,0
nowher,0,1,0
dissatisfi,0,1,0
disench,0,1,0
escal,0,1,0
surround,0,1,0
absent,0,1,0
unrecover,0,1,0
penni,0,1,0
expartn,0,1,0
theresa,0,1,0
doug,0,1,0
audit,0,1,0
multitud,0,1,0
unansw,0,1,0
budd,0,1,0
exhom,0,1,0
exlov,0,1,0
suspici,0,1,0
mystifi,0,1,0
uncov,0,1,0
judgel,0,1,0
governmentcommiss,0,1,0
micro,0,1,0
sprint,0,1,0
hi,0,1,0
sweden,0,1,0
matur,0,1,0
desktop,0,1,0
cultiv,0,1,0
worldlead,0,1,0
eeconomi,0,1,0
eighth,0,1,0
deploy,0,1,0
unfinish,0,1,0
whisper,0,1,0
quietli,0,1,0
smart,0,1,0
rebuff,0,1,0
adlib,0,1,0
pepper,0,1,0
humbl,0,1,0
traine,0,1,0
vicar,0,1,0
honesti,0,1,0
larissa,0,1,0
stepson,0,1,0
sholto,0,1,0
mute,0,1,0
hollow,0,1,0
justif,0,1,0
hastili,0,1,0
territori,0,1,0
maria,0,1,0
hutch,0,1,0
nois,0,1,0
infam,0,1,0
lampoon,0,1,0
bewilder,0,1,0
byproduct,0,1,0
hing,0,1,0
vaughan,0,1,0
pundit,0,1,0
harold,0,1,0
rerun,0,1,0
dent,0,1,0
murray,0,1,0
aldridg,0,1,0
browhil,0,1,0
whoever,0,1,0
bang,0,1,0
lynton,0,1,0
crosbi,0,1,0
nohop,0,1,0
bia,0,1,0
whop,0,1,0
namesak,0,1,0
yearlong,0,1,0
jean,0,1,0
corston,0,1,0
regardless,0,1,0
glaringli,0,1,0
illsuit,0,1,0
misplac,0,1,0
overreli,0,1,0
schole,0,1,0
hang,0,1,0
stoke,0,1,0
tendenc,0,1,0
knife,0,1,0
sexual,0,1,0
twoyear,0,1,0
hung,0,1,0
window,0,1,0
sheet,0,1,0
guard,0,1,0
inconceiv,0,1,0
overrul,0,1,0
overlook,0,1,0
concurr,0,1,0
reheat,0,1,0
doubleact,0,1,0
counterclaim,0,1,0
frustrat,0,1,0
countless,0,1,0
load,0,1,0
nonsens,0,1,0
schoolboy,0,1,0
boulton,0,1,0
playground,0,1,0
qualm,0,1,0
guess,0,1,0
ratchet,0,1,0
preelect,0,1,0
hunger,0,1,0
euphor,0,1,0
throw,0,1,0
crockeri,0,1,0
chose,0,1,0
oppon,0,1,0
smear,0,1,0
vacuou,0,1,0
somerset,0,1,0
basingstok,0,1,0
shrewsburi,0,1,0
dorset,0,1,0
torbay,0,1,0
threeparti,0,1,0
princip,0,1,0
touchyfe,0,1,0
disorderli,0,1,0
bryan,0,1,0
luke,0,1,0
tomlinson,0,1,0
impromptu,0,1,0
chare,0,1,0
formerli,0,1,0
occur,0,1,0
trespass,0,1,0
bow,0,1,0
magistr,0,1,0
eton,0,1,0
shropshir,0,1,0
obviou,0,1,0
sheep,0,1,0
redver,0,1,0
hartpuri,0,1,0
gloucestershir,0,1,0
holliday,0,1,0
huntsman,0,1,0
herefordshir,0,1,0
thame,0,1,0
polo,0,1,0
highgrov,0,1,0
elliot,0,1,0
bromesberrow,0,1,0
pointtopoint,0,1,0
jockey,0,1,0
wakeham,0,1,0
chef,0,1,0
wrestl,0,1,0
doorkeep,0,1,0
entranc,0,1,0
bundl,0,1,0
handcuf,0,1,0
forg,0,1,0
holder,0,1,0
withheld,0,1,0
withhold,0,1,0
otherwis,0,1,0
somebodi,0,1,0
omiss,0,1,0
iain,0,1,0
duncan,0,1,0
nineti,0,1,0
petit,0,1,0
saunder,0,1,0
unwis,0,1,0
hasti,0,1,0
diagnosi,0,1,0
exlabour,0,1,0
newsnight,0,1,0
dementia,0,1,0
mencap,0,1,0
autist,0,1,0
misunderstand,0,1,0
okay,0,1,0
glenurquhart,0,1,0
inver,0,1,0
councillor,0,1,0
davidson,0,1,0
loch,0,1,0
ness,0,1,0
quip,0,1,0
preach,0,1,0
regularli,0,1,0
spree,0,1,0
rape,0,1,0
cheapli,0,1,0
incap,0,1,0
holyrood,0,1,0
sturgeon,0,1,0
gaff,0,1,0
stagger,0,1,0
over,0,1,0
neil,0,1,0
brigand,0,1,0
mugger,0,1,0
briber,0,1,0
gangster,0,1,0
outgo,0,1,0
peerag,0,1,0
immens,0,1,0
glibli,0,1,0
bedwellti,0,1,0
sudden,0,1,0
rivalri,0,1,0
gmtv,0,1,0
birkenhead,0,1,0
cameron,0,1,0
witney,0,1,0
funni,0,1,0
dirti,0,1,0
walker,0,1,0
birth,0,1,0
preciou,0,1,0
pregnanc,0,1,0
sailor,0,1,0
setup,0,1,0
horribl,0,1,0
guilt,0,1,0
marrow,0,1,0
eal,0,1,0
conceiv,0,1,0
euston,0,1,0
essex,0,1,0
maggi,0,1,0
emili,0,1,0
pelham,0,1,0
endors,0,1,0
vincent,0,1,0
deterior,0,1,0
shark,0,1,0
persuad,0,1,0
mixtur,0,1,0
hour,0,1,0
unpredict,0,1,0
brush,0,1,0
byelect,0,1,0
devalu,0,1,0
dunn,0,1,0
iran,0,1,0
aftermath,0,1,0
forget,0,1,0
unaccount,0,1,0
zimbabw,0,1,0
burma,0,1,0
scope,0,1,0
precondit,0,1,0
criteria,0,1,0
profoundli,0,1,0
vast,0,1,0
highlevel,0,1,0
li,0,1,0
zhaox,0,1,0
hong,0,1,0
kong,0,1,0
de,0,1,0
disrupt,0,1,0
liechtenstein,0,1,0
iceland,0,1,0
seeker,0,1,0
speciallydesign,0,1,0
rhian,0,1,0
crossparti,0,1,0
disproportion,0,1,0
amoah,0,1,0
deterr,0,1,0
blatant,0,1,0
registr,0,1,0
draconian,0,1,0
holland,0,1,0
factfind,0,1,0
ross,0,1,0
port,0,1,0
fraserburgh,0,1,0
alloc,0,1,0
variat,0,1,0
aberdeen,0,1,0
austin,0,1,0
mitchel,0,1,0
harvest,0,1,0
farm,0,1,0
lembit,0,1,0
landown,0,1,0
gile,0,1,0
touch,0,1,0
techniqu,0,1,0
rifl,0,1,0
convers,0,1,0
flush,0,1,0
mammal,0,1,0
bobbi,0,1,0
distinguish,0,1,0
exempt,0,1,0
unintent,0,1,0
hound,0,1,0
luff,0,1,0
disastr,0,1,0
accommod,0,1,0
hobday,0,1,0
cruel,0,1,0
bark,0,1,0
exmodel,0,1,0
crisscross,0,1,0
hq,0,1,0
hide,0,1,0
undertak,0,1,0
pattern,0,1,0
bournemouth,0,1,0
fring,0,1,0
addact,0,1,0
chat,0,1,0
probe,0,1,0
vega,0,1,0
locat,0,1,0
ibrox,0,1,0
casino,0,1,0
fruit,0,1,0
unlimit,0,1,0
shirk,0,1,0
music,0,0,81
album,0,0,34
pop,0,0,26
festiv,0,0,24
artist,0,0,24
nomin,0,0,21
movi,0,0,20
lee,0,0,20
actress,0,0,19
song,0,0,18
honour,0,0,15
screen,0,0,15
comedi,0,0,14
dicaprio,0,0,14
hollywood,0,0,14
hill,0,0,13
ray,0,0,13
box,0,0,12
chart,0,0,12
osbourn,0,0,12
jayz,0,0,12
theatr,0,0,11
singer,0,0,11
boy,0,0,11
grammi,0,0,11
comic,0,0,11
inspir,0,0,10
writer,0,0,10
kasabian,0,0,10
label,0,0,9
oscar,0,0,9
danc,0,0,9
hendrix,0,0,9
kaprano,0,0,9
musician,0,0,9
hiphop,0,0,9
stan,0,0,9
sequel,0,0,8
angel,0,0,8
berlin,0,0,8
scholl,0,0,8
aviat,0,0,8
jami,0,0,8
collabor,0,0,8
jame,0,0,8
creativ,0,0,8
jam,0,0,8
melcher,0,0,8
globe,0,0,8
slater,0,0,8
dvd,0,0,8
beat,0,0,7
lo,0,0,7
brit,0,0,7
guitarist,0,0,7
listen,0,0,7
art,0,0,7
rapper,0,0,7
foxx,0,0,7
drama,0,0,7
def,0,0,7
charact,0,0,7
favourit,0,0,7
manic,0,0,7
compos,0,0,6
opera,0,0,6
halloween,0,0,6
carpent,0,0,6
nomine,0,0,6
franz,0,0,6
stone,0,0,6
kany,0,0,6
rap,0,0,6
rb,0,0,6
idol,0,0,6
vera,0,0,6
drake,0,0,6
scoggin,0,0,6
marvel,0,0,6
formula,0,0,6
hero,0,0,6
sunshin,0,0,6
spotless,0,0,6
neverland,0,0,6
rowland,0,0,6
collect,0,0,6
florida,0,0,6
filmmak,0,0,5
scorses,0,0,5
born,0,0,5
greatest,0,0,5
adventur,0,0,5
mtv,0,0,5
cowel,0,0,5
ferdinand,0,0,5
element,0,0,5
concert,0,0,5
ultim,0,0,5
channel,0,0,5
viewer,0,0,5
jude,0,0,5
meighan,0,0,5
rocafella,0,0,5
cinema,0,0,5
academi,0,0,5
goodrem,0,0,5
staunton,0,0,5
costar,0,0,5
vocal,0,0,5
contemporari,0,0,5
versac,0,0,5
portrait,0,0,5
dougla,0,0,5
copyright,0,0,5
whitbread,0,0,5
ossi,0,0,5
tom,0,0,4
oscarwin,0,0,4
andi,0,0,4
u,0,0,4
dark,0,0,4
marc,0,0,4
shot,0,0,4
santa,0,0,4
horror,0,0,4
diari,0,0,4
duo,0,0,4
ozzi,0,0,4
camera,0,0,4
magazin,0,0,4
seattl,0,0,4
land,0,0,4
discov,0,0,4
cult,0,0,4
spot,0,0,4
manson,0,0,4
alicia,0,0,4
wire,0,0,4
dropout,0,0,4
sampl,0,0,4
thank,0,0,4
girl,0,0,4
epic,0,0,4
keanu,0,0,4
carpet,0,0,4
beach,0,0,4
beverli,0,0,4
tate,0,0,4
johnni,0,0,4
depp,0,0,4
jerri,0,0,4
suddenli,0,0,4
usher,0,0,4
copi,0,0,4
femal,0,0,4
springer,0,0,4
gere,0,0,4
imelda,0,0,4
owen,0,0,4
beauti,0,0,4
funer,0,0,4
tribut,0,0,4
daylewi,0,0,4
documentari,0,0,4
berman,0,0,4
angolan,0,0,4
angola,0,0,4
preacher,0,0,4
sideway,0,0,4
levi,0,0,4
cage,0,0,4
twelv,0,0,3
remak,0,0,3
fun,0,0,3
luca,0,0,3
minut,0,0,3
air,0,0,3
scene,0,0,3
pg,0,0,3
antinazi,0,0,3
loud,0,0,3
hitler,0,0,3
tragic,0,0,3
carmen,0,0,3
leonardo,0,0,3
anniversari,0,0,3
russel,0,0,3
curti,0,0,3
string,0,0,3
coproduc,0,0,3
bruce,0,0,3
sharon,0,0,3
metal,0,0,3
museum,0,0,3
memori,0,0,3
nice,0,0,3
frontman,0,0,3
cultur,0,0,3
prestigi,0,0,3
spawn,0,0,3
stereotyp,0,0,3
minogu,0,0,3
lotteri,0,0,3
perhap,0,0,3
relaunch,0,0,3
slot,0,0,3
murder,0,0,3
trophi,0,0,3
shortlist,0,0,3
guitar,0,0,3
n,0,0,3
killer,0,0,3
park,0,0,3
comparison,0,0,3
upon,0,0,3
reviv,0,0,3
god,0,0,3
ludacri,0,0,3
housew,0,0,3
aspir,0,0,3
aloud,0,0,3
kosslick,0,0,3
berlinal,0,0,3
byrd,0,0,3
heather,0,0,3
coproduct,0,0,3
hillbilli,0,0,3
sing,0,0,3
theme,0,0,3
tune,0,0,3
bennett,0,0,3
circl,0,0,3
theatrego,0,0,3
geniu,0,0,3
superhero,0,0,3
spiderman,0,0,3
assign,0,0,3
pea,0,0,3
songwrit,0,0,3
natali,0,0,3
stewart,0,0,3
thoday,0,0,3
awardwin,0,0,3
dysfunct,0,0,3
blanchett,0,0,3
bernal,0,0,3
pierc,0,0,3
brosnan,0,0,3
blockbust,0,0,3
gritti,0,0,3
leigh,0,0,3
scholarship,0,0,3
fetch,0,0,3
roy,0,0,3
lichtenstein,0,0,3
morrison,0,0,3
odd,0,0,3
colin,0,0,3
daddi,0,0,3
icrc,0,0,3
brass,0,0,3
barley,0,0,3
piraci,0,0,3
teach,0,0,3
bibl,0,0,3
severn,0,0,3
seventh,0,0,3
cfca,0,0,3
fletcher,0,0,3
clooney,0,0,2
polar,0,0,2
krank,0,0,2
triumph,0,0,2
soderbergh,0,0,2
damon,0,0,2
garcia,0,0,2
dan,0,0,2
suitabl,0,0,2
sith,0,0,2
except,0,0,2
devil,0,0,2
emot,0,0,2
tragedi,0,0,2
cheer,0,0,2
adolf,0,0,2
rothemund,0,0,2
legaci,0,0,2
drew,0,0,2
archiv,0,0,2
intens,0,0,2
bear,0,0,2
barbara,0,0,2
oscarnomin,0,0,2
excit,0,0,2
gang,0,0,2
california,0,0,2
quest,0,0,2
debra,0,0,2
screenwrit,0,0,2
cancer,0,0,2
fog,0,0,2
pioneer,0,0,2
carv,0,0,2
ii,0,0,2
teen,0,0,2
skate,0,0,2
strictli,0,0,2
jessica,0,0,2
skater,0,0,2
practis,0,0,2
rink,0,0,2
dean,0,0,2
thin,0,0,2
xfactor,0,0,2
merchandis,0,0,2
simpson,0,0,2
crazi,0,0,2
jimi,0,0,2
site,0,0,2
mayor,0,0,2
goldman,0,0,2
fourpiec,0,0,2
selftitl,0,0,2
kyli,0,0,2
hostil,0,0,2
venu,0,0,2
fork,0,0,2
divers,0,0,2
merit,0,0,2
appreci,0,0,2
lucki,0,0,2
dream,0,0,2
hate,0,0,2
yeah,0,0,2
modern,0,0,2
idolstyl,0,0,2
avenu,0,0,2
lover,0,0,2
newcom,0,0,2
kash,0,0,2
revitalis,0,0,2
soap,0,0,2
coron,0,0,2
keat,0,0,2
era,0,0,2
kevin,0,0,2
insight,0,0,2
neighbour,0,0,2
indi,0,0,2
breath,0,0,2
afterlif,0,0,2
sergio,0,0,2
pizzorno,0,0,2
bassist,0,0,2
trio,0,0,2
hey,0,0,2
roll,0,0,2
remot,0,0,2
rutland,0,0,2
acclaim,0,0,2
scream,0,0,2
recept,0,0,2
jaw,0,0,2
subsequ,0,0,2
bless,0,0,2
roster,0,0,2
bonni,0,0,2
clyde,0,0,2
surpass,0,0,2
lit,0,0,2
search,0,0,2
literari,0,0,2
cavanagh,0,0,2
canada,0,0,2
j,0,0,2
ja,0,0,2
girlfriend,0,0,2
r,0,0,2
silver,0,0,2
terri,0,0,2
dori,0,0,2
mama,0,0,2
miyazaki,0,0,2
broadway,0,0,2
glass,0,0,2
menageri,0,0,2
flew,0,0,2
cuckoo,0,0,2
nest,0,0,2
amanda,0,0,2
clampdown,0,0,2
fever,0,0,2
libertin,0,0,2
endur,0,0,2
varieti,0,0,2
lyric,0,0,2
victoria,0,0,2
sylvia,0,0,2
extraordinari,0,0,2
everyday,0,0,2
jewish,0,0,2
lieberman,0,0,2
imagin,0,0,2
shade,0,0,2
britishborn,0,0,2
super,0,0,2
frequent,0,0,2
hulk,0,0,2
daredevil,0,0,2
scoop,0,0,2
male,0,0,2
duet,0,0,2
missi,0,0,2
higgin,0,0,2
capra,0,0,2
jon,0,0,2
doren,0,0,2
stern,0,0,2
odeon,0,0,2
motorcycl,0,0,2
backstreet,0,0,2
abortionist,0,0,2
smallbudget,0,0,2
charliz,0,0,2
theron,0,0,2
monster,0,0,2
ziyi,0,0,2
zhang,0,0,2
dagger,0,0,2
kate,0,0,2
winslet,0,0,2
nod,0,0,2
carrey,0,0,2
repeat,0,0,2
portman,0,0,2
craney,0,0,2
cristi,0,0,2
meryl,0,0,2
streep,0,0,2
mann,0,0,2
gondri,0,0,2
forster,0,0,2
patsi,0,0,2
norah,0,0,2
glad,0,0,2
maroon,0,0,2
singersongwrit,0,0,2
mayer,0,0,2
warhol,0,0,2
henri,0,0,2
sothebi,0,0,2
basquiat,0,0,2
artwork,0,0,2
thoma,0,0,2
costum,0,0,2
omai,0,0,2
storag,0,0,2
collector,0,0,2
savag,0,0,2
norman,0,0,2
miami,0,0,2
romanc,0,0,2
singh,0,0,2
bookmak,0,0,2
soldier,0,0,2
farrel,0,0,2
soni,0,0,2
dad,0,0,2
wambo,0,0,2
displac,0,0,2
trace,0,0,2
sitcom,0,0,2
nathan,0,0,2
satir,0,0,2
cd,0,0,2
bmr,0,0,2
robbi,0,0,2
royalti,0,0,2
silva,0,0,2
richey,0,0,2
moor,0,0,2
flicker,0,0,2
holi,0,0,2
sherri,0,0,2
alexand,0,0,2
gold,0,0,2
mccaughrean,0,0,2
susan,0,0,2
symmon,0,0,2
poetri,0,0,2
mope,0,0,2
gon,0,0,2
na,0,0,2
spike,0,0,2
burt,0,0,2
alda,0,0,2
belafont,0,0,2
eulog,0,0,2
malcolm,0,0,2
x,0,0,2
harlem,0,0,2
raid,0,0,1
caper,0,0,1
julia,0,0,1
straight,0,0,1
heist,0,0,1
wesley,0,0,1
snipe,0,0,1
blade,0,0,1
fabl,0,0,1
hank,0,0,1
fourthbiggest,0,0,1
trilog,0,0,1
sinatra,0,0,1
rat,0,0,1
steven,0,0,1
matt,0,0,1
elliott,0,0,1
gould,0,0,1
catherin,0,0,1
zetajon,0,0,1
allstar,0,0,1
fellman,0,0,1
warner,0,0,1
bro,0,0,1
complimentari,0,0,1
dispirit,0,0,1
vaniti,0,0,1
unabashedli,0,0,1
trivial,0,0,1
darkest,0,0,1
violent,0,0,1
sixyearold,0,0,1
cb,0,0,1
unsuit,0,0,1
under,0,0,1
classifi,0,0,1
guidanc,0,0,1
clone,0,0,1
prequel,0,0,1
chronicl,0,0,1
heroic,0,0,1
anakin,0,0,1
skywalk,0,0,1
darth,0,0,1
vader,0,0,1
helllik,0,0,1
planet,0,0,1
erupt,0,0,1
volcano,0,0,1
molten,0,0,1
lava,0,0,1
pact,0,0,1
heroin,0,0,1
sophi,0,0,1
behead,0,0,1
han,0,0,1
abhorr,0,0,1
tyranni,0,0,1
somehow,0,0,1
transcript,0,0,1
gestapo,0,0,1
interrog,0,0,1
communist,0,0,1
accuraci,0,0,1
reckon,0,0,1
regim,0,0,1
vy,0,0,1
bizet,0,0,1
cape,0,0,1
town,0,0,1
xhosa,0,0,1
ucarmen,0,0,1
ekhayelitsha,0,0,1
khayelitsha,0,0,1
township,0,0,1
troup,0,0,1
utterli,0,0,1
surreal,0,0,1
critter,0,0,1
onto,0,0,1
basketbal,0,0,1
romeo,0,0,1
juliet,0,0,1
commemor,0,0,1
coincid,0,0,1
authent,0,0,1
pole,0,0,1
cowrot,0,0,1
babysitt,0,0,1
terroris,0,0,1
psychopath,0,0,1
jersey,0,0,1
secondunit,0,0,1
commonli,0,0,1
makeup,0,0,1
hair,0,0,1
nich,0,0,1
curs,0,0,1
lynda,0,0,1
obst,0,0,1
fisher,0,0,1
babysit,0,0,1
adapt,0,0,1
zone,0,0,1
board,0,0,1
cluedo,0,0,1
rubbl,0,0,1
tower,0,0,1
gascoign,0,0,1
eastend,0,0,1
scarlett,0,0,1
oneoff,0,0,1
smilli,0,0,1
libertyx,0,0,1
forsyth,0,0,1
tess,0,0,1
dali,0,0,1
hot,0,0,1
stipul,0,0,1
jayn,0,0,1
torvil,0,0,1
crown,0,0,1
sabbath,0,0,1
rome,0,0,1
mentor,0,0,1
loui,0,0,1
walsh,0,0,1
accessori,0,0,1
rocket,0,0,1
spinal,0,0,1
flail,0,0,1
rundown,0,0,1
rae,0,0,1
plot,0,0,1
franklin,0,0,1
perspect,0,0,1
demolish,0,0,1
jani,0,0,1
stepsist,0,0,1
overdos,0,0,1
thrive,0,0,1
input,0,0,1
bed,0,0,1
susten,0,0,1
selfsuffici,0,0,1
tea,0,0,1
mercuri,0,0,1
nirvana,0,0,1
korn,0,0,1
riddl,0,0,1
angst,0,0,1
chopin,0,0,1
debussi,0,0,1
scissor,0,0,1
wagner,0,0,1
smell,0,0,1
napalm,0,0,1
fm,0,0,1
macmillan,0,0,1
rediscov,0,0,1
soviet,0,0,1
gorbachev,0,0,1
hawk,0,0,1
daunt,0,0,1
tonight,0,0,1
upandcom,0,0,1
louder,0,0,1
commercialis,0,0,1
ie,0,0,1
megastar,0,0,1
wealthiest,0,0,1
rake,0,0,1
etc,0,0,1
benefici,0,0,1
travi,0,0,1
subsidis,0,0,1
sorri,0,0,1
chequ,0,0,1
sponsorship,0,0,1
ye,0,0,1
statefund,0,0,1
sit,0,0,1
twiddl,0,0,1
thumb,0,0,1
idoltyp,0,0,1
reinforc,0,0,1
cheap,0,0,1
mould,0,0,1
bandsartist,0,0,1
fratern,0,0,1
plough,0,0,1
penalis,0,0,1
whatsoev,0,0,1
pocket,0,0,1
pollut,0,0,1
disagre,0,0,1
nea,0,0,1
allot,0,0,1
privatelyfund,0,0,1
totp,0,0,1
shakeup,0,0,1
blaze,0,0,1
fearn,0,0,1
cotton,0,0,1
roli,0,0,1
transmit,0,0,1
buzz,0,0,1
bacon,0,0,1
paedophil,0,0,1
woodsman,0,0,1
satyajit,0,0,1
lowbudget,0,0,1
nicol,0,0,1
kassel,0,0,1
molest,0,0,1
contenti,0,0,1
transsexu,0,0,1
brandon,0,0,1
teena,0,0,1
writerdirector,0,0,1
amma,0,0,1
asant,0,0,1
embroil,0,0,1
tens,0,0,1
standoff,0,0,1
turkish,0,0,1
fipresci,0,0,1
aaltra,0,0,1
handicap,0,0,1
sutherland,0,0,1
caouett,0,0,1
tarnat,0,0,1
dustin,0,0,1
hoffman,0,0,1
pixar,0,0,1
bullet,0,0,1
crew,0,0,1
asher,0,0,1
blend,0,0,1
outspoken,0,0,1
charismat,0,0,1
kean,0,0,1
ars,0,0,1
serpent,0,0,1
scare,0,0,1
pirat,0,0,1
songwriterguitarist,0,0,1
enlist,0,0,1
keyboard,0,0,1
karloff,0,0,1
sideburn,0,0,1
britpop,0,0,1
genr,0,0,1
fuse,0,0,1
hip,0,0,1
hop,0,0,1
linda,0,0,1
getaway,0,0,1
driver,0,0,1
coincident,0,0,1
armenian,0,0,1
butcher,0,0,1
farmhous,0,0,1
isol,0,0,1
sneak,0,0,1
rca,0,0,1
lsf,0,0,1
circuit,0,0,1
glastonburi,0,0,1
guerilla,0,0,1
gig,0,0,1
unusu,0,0,1
primal,0,0,1
fieri,0,0,1
assert,0,0,1
ethic,0,0,1
sieg,0,0,1
badland,0,0,1
nme,0,0,1
typic,0,0,1
cutt,0,0,1
embark,0,0,1
wellreceiv,0,0,1
shrewd,0,0,1
promin,0,0,1
behindthescen,0,0,1
nearfat,0,0,1
transatlant,0,0,1
rhyme,0,0,1
dmc,0,0,1
drum,0,0,1
mase,0,0,1
madd,0,0,1
superstar,0,0,1
mainstream,0,0,1
izzo,0,0,1
hova,0,0,1
blueprint,0,0,1
incorpor,0,0,1
jackson,0,0,1
latenight,0,0,1
fractur,0,0,1
anytim,0,0,1
wheel,0,0,1
inch,0,0,1
chaka,0,0,1
humor,0,0,1
clichd,0,0,1
preoccup,0,0,1
gun,0,0,1
jewelleri,0,0,1
jamz,0,0,1
twista,0,0,1
mobo,0,0,1
slender,0,0,1
multichannel,0,0,1
strongest,0,0,1
freeview,0,0,1
portion,0,0,1
begun,0,0,1
nasti,0,0,1
caustic,0,0,1
harper,0,0,1
synopsi,0,0,1
waysid,0,0,1
ontario,0,0,1
novelist,0,0,1
inaugur,0,0,1
excerpt,0,0,1
passag,0,0,1
dmx,0,0,1
ashanti,0,0,1
dash,0,0,1
beani,0,0,1
sigel,0,0,1
antonio,0,0,1
credibl,0,0,1
groundbreak,0,0,1
shawn,0,0,1
carter,0,0,1
dirt,0,0,1
shoulder,0,0,1
beyonc,0,0,1
knowl,0,0,1
simmon,0,0,1
rick,0,0,1
rubin,0,0,1
rundmc,0,0,1
beasti,0,0,1
enemi,0,0,1
hail,0,0,1
dieter,0,0,1
conscious,0,0,1
streak,0,0,1
antiamerican,0,0,1
spacey,0,0,1
fill,0,0,1
ry,0,0,1
cooder,0,0,1
kokomo,0,0,1
cocktail,0,0,1
tambourin,0,0,1
gram,0,0,1
parson,0,0,1
papa,0,0,1
johnston,0,0,1
evolv,0,0,1
rip,0,0,1
charit,0,0,1
hayao,0,0,1
howl,0,0,1
wynn,0,0,1
trap,0,0,1
spell,0,0,1
witch,0,0,1
distributor,0,0,1
toho,0,0,1
osella,0,0,1
venic,0,0,1
dalla,0,0,1
tennesse,0,0,1
understudi,0,0,1
joey,0,0,1
rave,0,0,1
thiev,0,0,1
churchil,0,0,1
preview,0,0,1
ethel,0,0,1
barrymor,0,0,1
rinaldi,0,0,1
unchang,0,0,1
leveaux,0,0,1
lang,0,0,1
wingfield,0,0,1
twentyseven,0,0,1
attribut,0,0,1
tighter,0,0,1
miramax,0,0,1
tulip,0,0,1
keira,0,0,1
knightley,0,0,1
isl,0,0,1
samuelson,0,0,1
hiatu,0,0,1
potter,0,0,1
bridget,0,0,1
wimbledon,0,0,1
thunderbird,0,0,1
spokesperson,0,0,1
indigen,0,0,1
per,0,0,1
rememb,0,0,1
texanborn,0,0,1
ballad,0,0,1
jed,0,0,1
clampett,0,0,1
pilot,0,0,1
daugher,0,0,1
misel,0,0,1
tire,0,0,1
birthday,0,0,1
sang,0,0,1
bluegrass,0,0,1
lester,0,0,1
flatt,0,0,1
earl,0,0,1
scrugg,0,0,1
banjo,0,0,1
grammar,0,0,1
griffith,0,0,1
hector,0,0,1
festen,0,0,1
rufu,0,0,1
norri,0,0,1
rebecca,0,0,1
lenkiewicz,0,0,1
playwright,0,0,1
eddi,0,0,1
redmayn,0,0,1
goat,0,0,1
rhi,0,0,1
shakespearean,0,0,1
oram,0,0,1
whatsonstagecom,0,0,1
rigg,0,0,1
dame,0,0,1
judi,0,0,1
dench,0,0,1
rsc,0,0,1
barnett,0,0,1
headach,0,0,1
revolutionis,0,0,1
workingclass,0,0,1
romania,0,0,1
fertil,0,0,1
hack,0,0,1
sate,0,0,1
juvenil,0,0,1
readership,0,0,1
syllabl,0,0,1
discourag,0,0,1
grey,0,0,1
bylin,0,0,1
dumb,0,0,1
joan,0,0,1
swansong,0,0,1
superteam,0,0,1
batman,0,0,1
astronaut,0,0,1
bombard,0,0,1
cosmic,0,0,1
forev,0,0,1
dandruff,0,0,1
ingrown,0,0,1
toenail,0,0,1
acn,0,0,1
pour,0,0,1
rekindl,0,0,1
nerdi,0,0,1
bite,0,0,1
irradi,0,0,1
spider,0,0,1
crawl,0,0,1
skyscrap,0,0,1
icon,0,0,1
spidey,0,0,1
affection,0,0,1
sidekick,0,0,1
brawn,0,0,1
mighti,0,0,1
thor,0,0,1
iron,0,0,1
bigotri,0,0,1
inequ,0,0,1
kirbi,0,0,1
miller,0,0,1
romitaand,0,0,1
broke,0,0,1
panther,0,0,1
surfer,0,0,1
ponder,0,0,1
northstar,0,0,1
closet,0,0,1
heyday,0,0,1
comicstrip,0,0,1
spectacularli,0,0,1
bankrupt,0,0,1
pow,0,0,1
purveyor,0,0,1
claw,0,0,1
tiger,0,0,1
xmen,0,0,1
indestruct,0,0,1
delta,0,0,1
runnerup,0,0,1
shannon,0,0,1
noll,0,0,1
nina,0,0,1
tucker,0,0,1
boyfriend,0,0,1
mcfadden,0,0,1
pepsi,0,0,1
whilst,0,0,1
bag,0,0,1
idiot,0,0,1
b,0,0,1
sexiest,0,0,1
sebastian,0,0,1
vh,0,0,1
cher,0,0,1
luna,0,0,1
fairground,0,0,1
harbour,0,0,1
electra,0,0,1
imbruglia,0,0,1
steve,0,0,1
workshop,0,0,1
paramount,0,0,1
bleep,0,0,1
nuditi,0,0,1
warmong,0,0,1
israel,0,0,1
guest,0,0,1
cate,0,0,1
fri,0,0,1
glitter,0,0,1
glamour,0,0,1
gael,0,0,1
kruger,0,0,1
anjelica,0,0,1
huston,0,0,1
helen,0,0,1
mirren,0,0,1
sid,0,0,1
kenneth,0,0,1
welllov,0,0,1
hove,0,0,1
guildhal,0,0,1
richardson,0,0,1
harddonebi,0,0,1
putupon,0,0,1
matron,0,0,1
miniseri,0,0,1
cazalet,0,0,1
pott,0,0,1
beast,0,0,1
beresford,0,0,1
trouper,0,0,1
thoroughli,0,0,1
pearc,0,0,1
ladi,0,0,1
legend,0,0,1
posthum,0,0,1
heaven,0,0,1
gladi,0,0,1
gospel,0,0,1
rendit,0,0,1
georgia,0,0,1
replic,0,0,1
boo,0,0,1
confess,0,0,1
rapsung,0,0,1
lil,0,0,1
jesu,0,0,1
vertigo,0,0,1
britney,0,0,1
spear,0,0,1
toxic,0,0,1
rod,0,0,1
stardust,0,0,1
songbook,0,0,1
volum,0,0,1
iii,0,0,1
astound,0,0,1
sting,0,0,1
victor,0,0,1
anni,0,0,1
lennox,0,0,1
motorhead,0,0,1
basement,0,0,1
jaxx,0,0,1
elvi,0,0,1
joss,0,0,1
instrument,0,0,1
transmigr,0,0,1
philharmon,0,0,1
spoken,0,0,1
audio,0,0,1
autobiographi,0,0,1
fashion,0,0,1
matiss,0,0,1
sixstorey,0,0,1
townhous,0,0,1
cunanan,0,0,1
impressionist,0,0,1
nude,0,0,1
tobia,0,0,1
meyer,0,0,1
impecc,0,0,1
directli,0,0,1
champion,0,0,1
juxtapos,0,0,1
masterpiec,0,0,1
jeanmichel,0,0,1
francesco,0,0,1
furnitur,0,0,1
daniel,0,0,1
indebt,0,0,1
kristin,0,0,1
crucibl,0,0,1
boxer,0,0,1
sensat,0,0,1
launderett,0,0,1
oldest,0,0,1
shochiku,0,0,1
cinemat,0,0,1
akira,0,0,1
hurosawa,0,0,1
galleri,0,0,1
unsuccess,0,0,1
caricatur,0,0,1
sculptur,0,0,1
nobl,0,0,1
polynesia,0,0,1
fascin,0,0,1
exot,0,0,1
historian,0,0,1
clip,0,0,1
cleancut,0,0,1
quizz,0,0,1
softspoken,0,0,1
archivist,0,0,1
jodi,0,0,1
rider,0,0,1
lifestyl,0,0,1
expos,0,0,1
simul,0,0,1
bath,0,0,1
aggrav,0,0,1
grave,0,0,1
pere,0,0,1
lachais,0,0,1
jewel,0,0,1
nile,0,0,1
aishwarya,0,0,1
rai,0,0,1
bride,0,0,1
monsoon,0,0,1
angadia,0,0,1
courier,0,0,1
partnership,0,0,1
shailendra,0,0,1
percept,0,0,1
swashbuckl,0,0,1
kathleen,0,0,1
turner,0,0,1
wager,0,0,1
dougray,0,0,1
wartim,0,0,1
enigma,0,0,1
punter,0,0,1
ewan,0,0,1
mcgregor,0,0,1
jackman,0,0,1
troy,0,0,1
eric,0,0,1
bana,0,0,1
salmon,0,0,1
mgm,0,0,1
biopic,0,0,1
talli,0,0,1
outstrip,0,0,1
recount,0,0,1
grudg,0,0,1
gellar,0,0,1
bestsel,0,0,1
jennif,0,0,1
lopez,0,0,1
romant,0,0,1
shall,0,0,1
guild,0,0,1
hackford,0,0,1
gentleman,0,0,1
heavili,0,0,1
poorrat,0,0,1
gail,0,0,1
drift,0,0,1
unscript,0,0,1
primetim,0,0,1
nielsen,0,0,1
quiet,0,0,1
seth,0,0,1
creator,0,0,1
luanda,0,0,1
explos,0,0,1
crowd,0,0,1
gera,0,0,1
calmer,0,0,1
grip,0,0,1
heard,0,0,1
argentin,0,0,1
bueno,0,0,1
ari,0,0,1
lapet,0,0,1
sibl,0,0,1
primarili,0,0,1
gazetta,0,0,1
tabloids,0,0,1
landmin,0,0,1
dot,0,0,1
joaquim,0,0,1
sahundi,0,0,1
clearanc,0,0,1
reunif,0,0,1
reunifi,0,0,1
rafael,0,0,1
marqu,0,0,1
prodemocraci,0,0,1
soro,0,0,1
reconstruct,0,0,1
detach,0,0,1
comedian,0,0,1
spoof,0,0,1
cowrit,0,0,1
sendup,0,0,1
metropolitan,0,0,1
nichola,0,0,1
burn,0,0,1
paedophilia,0,0,1
characterdriven,0,0,1
charli,0,0,1
brooker,0,0,1
cowritten,0,0,1
webmast,0,0,1
guerrilla,0,0,1
dj,0,0,1
selffacilit,0,0,1
node,0,0,1
columnist,0,0,1
clair,0,0,1
sketch,0,0,1
antipiraci,0,0,1
taught,0,0,1
download,0,0,1
yoxal,0,0,1
extens,0,0,1
feargal,0,0,1
sharkey,0,0,1
arnold,0,0,1
emma,0,0,1
pike,0,0,1
patricia,0,0,1
mom,0,0,1
ok,0,0,1
embed,0,0,1
pavement,0,0,1
boulevard,0,0,1
lebanes,0,0,1
beirut,0,0,1
volvo,0,0,1
hole,0,0,1
floor,0,0,1
brick,0,0,1
excel,0,0,1
idaho,0,0,1
ta,0,0,1
nicholson,0,0,1
keaton,0,0,1
supernatur,0,0,1
thriller,0,0,1
constantin,0,0,1
tenyear,0,0,1
lyricist,0,0,1
vanish,0,0,1
mysteri,0,0,1
devot,0,0,1
poet,0,0,1
articul,0,0,1
shout,0,0,1
stadiumconqu,0,0,1
figurehead,0,0,1
dazzl,0,0,1
incarn,0,0,1
lineup,0,0,1
singerguitarist,0,0,1
bradfield,0,0,1
nicki,0,0,1
drummer,0,0,1
sean,0,0,1
rhythm,0,0,1
selffinanc,0,0,1
alley,0,0,1
fulltim,0,0,1
plug,0,0,1
namecheck,0,0,1
plath,0,0,1
orwel,0,0,1
larkin,0,0,1
eat,0,0,1
disord,0,0,1
selfharm,0,0,1
embassi,0,0,1
bridg,0,0,1
hippi,0,0,1
goa,0,0,1
interpol,0,0,1
spanish,0,0,1
fuerteventura,0,0,1
rachel,0,0,1
mum,0,0,1
cuban,0,0,1
homeless,0,0,1
trainer,0,0,1
wash,0,0,1
self,0,0,1
dredd,0,0,1
soundtrack,0,0,1
bside,0,0,1
compil,0,0,1
lipstick,0,0,1
skeleton,0,0,1
cardiff,0,0,1
laud,0,0,1
heap,0,0,1
giamatti,0,0,1
clint,0,0,1
eastwood,0,0,1
southeastern,0,0,1
accolad,0,0,1
payn,0,0,1
screenplay,0,0,1
haden,0,0,1
virginia,0,0,1
madsen,0,0,1
abort,0,0,1
scrub,0,0,1
zach,0,0,1
braff,0,0,1
garden,0,0,1
fahrenheit,0,0,1
jamelia,0,0,1
charttopp,0,0,1
cube,0,0,1
destini,0,0,1
misunderstood,0,0,1
lucr,0,0,1
dismantl,0,0,1
bomb,0,0,1
il,0,0,1
divo,0,0,1
eponym,0,0,1
abba,0,0,1
crept,0,0,1
booker,0,0,1
hollinghurst,0,0,1
geraldin,0,0,1
trevor,0,0,1
joann,0,0,1
londonbas,0,0,1
postwar,0,0,1
landladi,0,0,1
lodger,0,0,1
jamaican,0,0,1
troop,0,0,1
uniform,0,0,1
jenni,0,0,1
colgan,0,0,1
craig,0,0,1
didact,0,0,1
preachi,0,0,1
eyepop,0,0,1
strang,0,0,1
norrel,0,0,1
susanna,0,0,1
anglia,0,0,1
waterston,0,0,1
suzi,0,0,1
perfect,0,0,1
mari,0,0,1
readabl,0,0,1
piec,0,0,1
intrigu,0,0,1
likeabl,0,0,1
tudor,0,0,1
clare,0,0,1
honorari,0,0,1
poem,0,0,1
mystic,0,0,1
erotica,0,0,1
philosophi,0,0,1
dust,0,0,1
recip,0,0,1
sleigh,0,0,1
choir,0,0,1
airplay,0,0,1
prank,0,0,1
vs,0,0,1
surprisingli,0,0,1
slade,0,0,1
merri,0,0,1
wham,0,0,1
cliff,0,0,1
mistleto,0,0,1
bigbudget,0,0,1
sixthplac,0,0,1
threehour,0,0,1
ben,0,0,1
disney,0,0,1
bruckheim,0,0,1
maleorient,0,0,1
wear,0,0,1
silk,0,0,1
chiffon,0,0,1
dress,0,0,1
decor,0,0,1
bead,0,0,1
soil,0,0,1
nervou,0,0,1
crow,0,0,1
nominatedi,0,0,1
thrill,0,0,1
rubi,0,0,1
dee,0,0,1
riversid,0,0,1
sidney,0,0,1
poiter,0,0,1
jungl,0,0,1
attallah,0,0,1
shabazz,0,0,1
farewel,0,0,1
finest,0,0,1
uncl,0,0,1
ditto,0,0,1
forti,0,0,1
someday,0,0,1
digniti,0,0,1
queue,0,0,1
wisdom,0,0,1
humour,0,0,1
loyalti,0,0,1
ardent,0,0,1
